,price,profit,total_cost,price_per_item,profit_per_item,item_order,effects
0,64.4000015258789,27.400001525878906,37.0,64.4000015258789,27.400001525878906,Megabean,"FOGGY, GLOWING"
1,64.4000015258789,30.400001525878906,34.0,64.4000015258789,30.400001525878906,Mouthwash,"ANTI_GRAVITY, BALDING"
2,60.20000076293945,22.200000762939453,38.0,60.20000076293945,22.200000762939453,Iodine,"BALDING, JENNERISING"
3,58.099998474121094,23.099998474121094,35.0,58.099998474121094,23.099998474121094,Flu-meds,"BRIGHT_EYED, SEDATING"
4,56.70000076293945,17.700000762939453,39.0,56.70000076293945,17.700000762939453,Horse semen,"CALMING, LONG_FACED"
5,55.30000305175781,22.300003051757812,33.0,55.30000305175781,22.300003051757812,Paracetamol,"SLIPPERY, SNEAKY"
6,54.60000228881836,20.60000228881836,34.0,54.60000228881836,20.60000228881836,Viagra,"CALMING, TROPIC_THUNDER"
7,53.89999771118164,14.89999771118164,39.0,53.89999771118164,14.89999771118164,Addy,"CALMING, THOUGHT_PROVOKING"
8,52.5,14.5,38.0,52.5,14.5,Battery,"BRIGHT_EYED, CALMING"
9,51.79999923706055,14.799999237060547,37.0,51.79999923706055,14.799999237060547,Chili,"CALMING, SPICY"
10,50.400001525878906,18.400001525878906,32.0,50.400001525878906,18.400001525878906,Banana,"GINGERITIS, SNEAKY"
11,50.400001525878906,14.400001525878906,36.0,50.400001525878906,14.400001525878906,Motor oil,"CALMING, SLIPPERY"
12,49.69999694824219,13.699996948242188,36.0,49.69999694824219,13.699996948242188,Energy drink,"ATHLETIC, CALMING"
13,46.20000076293945,14.200000762939453,32.0,46.20000076293945,14.200000762939453,Cuke,"CALMING, ENERGIZING"
14,84.0,45.0,39.0,42.0,22.5,Cuke -> Megabean,"CYCLOPEAN, FOGGY, GLOWING"
15,82.60000610351562,39.600006103515625,43.0,41.30000305175781,19.800003051757812,Horse semen -> Mouthwash,"ANTI_GRAVITY, BALDING, LONG_FACED"
16,82.5999984741211,36.599998474121094,46.0,41.29999923706055,18.299999237060547,Megabean -> Horse semen,"FOGGY, GLOWING, LONG_FACED"
17,80.5,39.5,41.0,40.25,19.75,Megabean -> Viagra,"FOGGY, GLOWING, TROPIC_THUNDER"
18,80.5,42.5,38.0,40.25,21.25,Mouthwash -> Viagra,"ANTI_GRAVITY, BALDING, TROPIC_THUNDER"
19,79.79999542236328,36.79999542236328,43.0,39.89999771118164,18.39999771118164,Mouthwash -> Addy,"ANTI_GRAVITY, BALDING, THOUGHT_PROVOKING"
20,79.0999984741211,37.099998474121094,42.0,39.54999923706055,18.549999237060547,Mouthwash -> Iodine,"ANTI_GRAVITY, BALDING, JENNERISING"
21,79.0999984741211,40.099998474121094,39.0,39.54999923706055,20.049999237060547,Megabean -> Cuke,"CYCLOPEAN, ENERGIZING, GLOWING"
22,78.4000015258789,31.400001525878906,47.0,39.20000076293945,15.700000762939453,Iodine -> Horse semen,"BALDING, JENNERISING, LONG_FACED"
23,78.4000015258789,33.400001525878906,45.0,39.20000076293945,16.700000762939453,Battery -> Megabean,"BRIGHT_EYED, FOGGY, GLOWING"
24,78.4000015258789,36.400001525878906,42.0,39.20000076293945,18.200000762939453,Mouthwash -> Battery,"ANTI_GRAVITY, BALDING, BRIGHT_EYED"
25,77.70000457763672,33.70000457763672,44.0,38.85000228881836,16.85000228881836,Megabean -> Chili,"FOGGY, GLOWING, SPICY"
26,77.70000457763672,36.70000457763672,41.0,38.85000228881836,18.35000228881836,Chili -> Mouthwash,"ANTI_GRAVITY, BALDING, SPICY"
27,77.0,36.0,41.0,38.5,18.0,Mouthwash -> Megabean,"ANTI_GRAVITY, BALDING, FOGGY"
28,38.5,3.5,35.0,38.5,3.5,Gasoline,"CALMING, TOXIC"
29,38.5,5.5,33.0,38.5,5.5,Donut,"CALMING, EXPLOSIVE"
30,76.30000305175781,34.30000305175781,42.0,38.150001525878906,17.150001525878906,Iodine -> Viagra,"BALDING, JENNERISING, TROPIC_THUNDER"
31,76.30000305175781,36.30000305175781,40.0,38.150001525878906,18.150001525878906,Mouthwash -> Motor oil,"ANTI_GRAVITY, BALDING, SLIPPERY"
32,76.30000305175781,32.30000305175781,44.0,38.150001525878906,16.150001525878906,Horse semen -> Flu-meds,"BRIGHT_EYED, LONG_FACED, SEDATING"
33,75.60000610351562,28.600006103515625,47.0,37.80000305175781,14.300003051757812,Iodine -> Addy,"BALDING, JENNERISING, THOUGHT_PROVOKING"
34,75.60000610351562,32.600006103515625,43.0,37.80000305175781,16.300003051757812,Energy drink -> Megabean,"ATHLETIC, FOGGY, GLOWING"
35,75.60000610351562,35.600006103515625,40.0,37.80000305175781,17.800003051757812,Mouthwash -> Energy drink,"ANTI_GRAVITY, ATHLETIC, BALDING"
36,74.9000015258789,33.900001525878906,41.0,37.45000076293945,16.950000762939453,Mouthwash -> Chili,"BALDING, SPICY, TROPIC_THUNDER"
37,74.9000015258789,33.900001525878906,41.0,37.45000076293945,16.950000762939453,Megabean -> Mouthwash,"BALDING, FOGGY, GLOWING"
38,74.19999694824219,35.19999694824219,39.0,37.099998474121094,17.599998474121094,Flu-meds -> Viagra,"BRIGHT_EYED, SEDATING, TROPIC_THUNDER"
39,74.19999694824219,34.19999694824219,40.0,37.099998474121094,17.099998474121094,Paracetamol -> Chili,"BRIGHT_EYED, SLIPPERY, SPICY"
40,74.19999694824219,26.199996948242188,48.0,37.099998474121094,13.099998474121094,Addy -> Horse semen,"CALMING, ELECTRIFYING, LONG_FACED"
41,74.19999694824219,28.199996948242188,46.0,37.099998474121094,14.099998474121094,Battery -> Iodine,"BALDING, BRIGHT_EYED, JENNERISING"
42,73.5,28.5,45.0,36.75,14.25,Iodine -> Chili,"BALDING, JENNERISING, SPICY"
43,73.5,31.5,42.0,36.75,15.75,Horse semen -> Paracetamol,"LONG_FACED, SLIPPERY, SNEAKY"
44,73.5,31.5,42.0,36.75,15.75,Megabean -> Flu-meds,"FOGGY, GLOWING, SEDATING"
45,73.5,34.5,39.0,36.75,17.25,Mouthwash -> Flu-meds,"ANTI_GRAVITY, BALDING, SEDATING"
46,72.79999542236328,29.79999542236328,43.0,36.39999771118164,14.89999771118164,Horse semen -> Viagra,"CALMING, LONG_FACED, TROPIC_THUNDER"
47,72.79999542236328,35.79999542236328,37.0,36.39999771118164,17.89999771118164,Mouthwash -> Paracetamol,"ANTI_GRAVITY, BALDING, SNEAKY"
48,72.79999542236328,29.79999542236328,43.0,36.39999771118164,14.89999771118164,Flu-meds -> Iodine,"BRIGHT_EYED, JENNERISING, SEDATING"
49,72.0999984741211,28.099998474121094,44.0,36.04999923706055,14.049999237060547,Iodine -> Motor oil,"BALDING, JENNERISING, SLIPPERY"
50,72.0999984741211,26.099998474121094,46.0,36.04999923706055,13.049999237060547,Addy -> Megabean,"ENERGIZING, FOGGY, GLOWING"
51,72.0999984741211,36.099998474121094,36.0,36.04999923706055,18.049999237060547,Mouthwash -> Cuke,"ANTI_GRAVITY, BALDING, ENERGIZING"
52,71.4000015258789,34.400001525878906,37.0,35.70000076293945,17.200000762939453,Paracetamol -> Viagra,"SLIPPERY, SNEAKY, TROPIC_THUNDER"
53,71.4000015258789,27.400001525878906,44.0,35.70000076293945,13.700000762939453,Flu-meds -> Addy,"BRIGHT_EYED, GINGERITIS, THOUGHT_PROVOKING"
54,71.4000015258789,23.400001525878906,48.0,35.70000076293945,11.700000762939453,Horse semen -> Addy,"CALMING, ELECTRIFYING, THOUGHT_PROVOKING"
55,71.4000015258789,29.400001525878906,42.0,35.70000076293945,14.700000762939453,Flu-meds -> Chili,"BRIGHT_EYED, SEDATING, SPICY"
56,71.4000015258789,27.400001525878906,44.0,35.70000076293945,13.700000762939453,Energy drink -> Iodine,"ATHLETIC, BALDING, JENNERISING"
57,71.4000015258789,32.400001525878906,39.0,35.70000076293945,16.200000762939453,Megabean -> Banana,"FOGGY, GINGERITIS, GLOWING"
58,71.4000015258789,35.400001525878906,36.0,35.70000076293945,17.700000762939453,Mouthwash -> Banana,"ANTI_GRAVITY, BALDING, GINGERITIS"
59,70.69999694824219,28.699996948242188,42.0,35.349998474121094,14.349998474121094,Paracetamol -> Addy,"SLIPPERY, SNEAKY, THOUGHT_PROVOKING"
60,70.69999694824219,28.699996948242188,42.0,35.349998474121094,14.349998474121094,Flu-meds -> Megabean,"BRIGHT_EYED, FOGGY, SEDATING"
61,70.69999694824219,23.699996948242188,47.0,35.349998474121094,11.849998474121094,Battery -> Horse semen,"BRIGHT_EYED, CALMING, LONG_FACED"
62,70.0,27.0,43.0,35.0,13.5,Addy -> Viagra,"CALMING, THOUGHT_PROVOKING, TROPIC_THUNDER"
63,70.0,24.0,46.0,35.0,12.0,Horse semen -> Chili,"CALMING, LONG_FACED, SPICY"
64,70.0,29.0,41.0,35.0,14.5,Paracetamol -> Iodine,"JENNERISING, SLIPPERY, SNEAKY"
65,70.0,29.0,41.0,35.0,14.5,Energy drink -> Flu-meds,"BRIGHT_EYED, SEDATING, SLIPPERY"
66,69.30000305175781,30.300003051757812,39.0,34.650001525878906,15.150001525878906,Banana -> Chili,"BRIGHT_EYED, GINGERITIS, SPICY"
67,69.30000305175781,28.300003051757812,41.0,34.650001525878906,14.150001525878906,Battery -> Paracetamol,"BRIGHT_EYED, SLIPPERY, SNEAKY"
68,69.30000305175781,32.30000305175781,37.0,34.650001525878906,16.150001525878906,Gasoline -> Banana,"ANTI_GRAVITY, GINGERITIS, SNEAKY"
69,69.30000305175781,26.300003051757812,43.0,34.650001525878906,13.150001525878906,Iodine -> Flu-meds,"BALDING, JENNERISING, SEDATING"
70,68.5999984741211,26.599998474121094,42.0,34.29999923706055,13.299999237060547,Battery -> Viagra,"BRIGHT_EYED, CALMING, TROPIC_THUNDER"
71,68.5999984741211,27.599998474121094,41.0,34.29999923706055,13.799999237060547,Iodine -> Paracetamol,"BALDING, JENNERISING, SNEAKY"
72,68.5999984741211,23.599998474121094,45.0,34.29999923706055,11.799999237060547,Horse semen -> Motor oil,"CALMING, LONG_FACED, SLIPPERY"
73,68.5999984741211,29.599998474121094,39.0,34.29999923706055,14.799999237060547,Flu-meds -> Mouthwash,"BALDING, BRIGHT_EYED, SEDATING"
74,102.20000457763672,54.20000457763672,48.0,34.06666819254557,18.066668192545574,Cuke -> Megabean -> Horse semen,"CYCLOPEAN, FOGGY, GLOWING, LONG_FACED"
75,67.9000015258789,26.900001525878906,41.0,33.95000076293945,13.450000762939453,Chili -> Viagra,"CALMING, SPICY, TROPIC_THUNDER"
76,67.9000015258789,20.900001525878906,47.0,33.95000076293945,10.450000762939453,Battery -> Addy,"BRIGHT_EYED, CALMING, THOUGHT_PROVOKING"
77,67.9000015258789,22.900001525878906,45.0,33.95000076293945,11.450000762939453,Energy drink -> Horse semen,"ATHLETIC, CALMING, LONG_FACED"
78,67.9000015258789,27.900001525878906,40.0,33.95000076293945,13.950000762939453,Cuke -> Iodine,"BALDING, ENERGIZING, JENNERISING"
79,67.19999694824219,21.199996948242188,46.0,33.599998474121094,10.599998474121094,Chili -> Addy,"CALMING, SPICY, THOUGHT_PROVOKING"
80,67.19999694824219,24.199996948242188,43.0,33.599998474121094,12.099998474121094,Mouthwash -> Horse semen,"BALDING, CALMING, LONG_FACED"
81,67.19999694824219,27.199996948242188,40.0,33.599998474121094,13.599998474121094,Iodine -> Banana,"BALDING, GINGERITIS, JENNERISING"
82,100.10000610351562,57.100006103515625,43.0,33.366668701171875,19.033335367838543,Cuke -> Megabean -> Viagra,"CYCLOPEAN, FOGGY, GLOWING, TROPIC_THUNDER"
83,100.10000610351562,48.100006103515625,52.0,33.366668701171875,16.033335367838543,Addy -> Horse semen -> Mouthwash,"ANTI_GRAVITY, BALDING, ELECTRIFYING, LONG_FACED"
84,100.0999984741211,45.099998474121094,55.0,33.36666615804037,15.033332824707031,Addy -> Horse semen -> Megabean,"ELECTRIFYING, FOGGY, GLOWING, LONG_FACED"
85,66.5,30.5,36.0,33.25,15.25,Banana -> Viagra,"GINGERITIS, SNEAKY, TROPIC_THUNDER"
86,66.5,26.5,40.0,33.25,13.25,Motor oil -> Viagra,"CALMING, SLIPPERY, TROPIC_THUNDER"
87,66.5,27.5,39.0,33.25,13.75,Energy drink -> Paracetamol,"ATHLETIC, SLIPPERY, SNEAKY"
88,66.5,28.5,38.0,33.25,14.25,Flu-meds -> Paracetamol,"BRIGHT_EYED, SEDATING, SNEAKY"
89,66.5,25.5,41.0,33.25,12.75,Banana -> Horse semen,"LONG_FACED, REFRESHING, SNEAKY"
90,66.5,21.5,45.0,33.25,10.75,Megabean -> Iodine,"GLOWING, JENNERISING, PARANOIA"
91,65.80000305175781,31.800003051757812,34.0,32.900001525878906,15.900001525878906,Cuke -> Banana,"GINGERITIS, SNEAKY, THOUGHT_PROVOKING"
92,65.80000305175781,20.800003051757812,45.0,32.900001525878906,10.400001525878906,Motor oil -> Addy,"CALMING, SLIPPERY, THOUGHT_PROVOKING"
93,65.80000305175781,20.800003051757812,45.0,32.900001525878906,10.400001525878906,Battery -> Chili,"BRIGHT_EYED, CALMING, SPICY"
94,65.80000305175781,30.800003051757812,35.0,32.900001525878906,15.400001525878906,Cuke -> Paracetamol,"BALDING, SLIPPERY, SNEAKY"
95,65.80000305175781,28.800003051757812,37.0,32.900001525878906,14.400001525878906,Cuke -> Flu-meds,"BRIGHT_EYED, ENERGIZING, SEDATING"
96,98.69999694824219,48.69999694824219,50.0,32.8999989827474,16.23333231608073,Megabean -> Horse semen -> Viagra,"FOGGY, GLOWING, LONG_FACED, TROPIC_THUNDER"
97,98.69999694824219,51.69999694824219,47.0,32.8999989827474,17.23333231608073,Horse semen -> Mouthwash -> Viagra,"ANTI_GRAVITY, BALDING, LONG_FACED, TROPIC_THUNDER"
98,98.0,51.0,47.0,32.666666666666664,17.0,Battery -> Cuke -> Megabean,"BRIGHT_EYED, CYCLOPEAN, FOGGY, GLOWING"
99,65.0999984741211,20.099998474121094,45.0,32.54999923706055,10.049999237060547,Energy drink -> Addy,"ATHLETIC, CALMING, THOUGHT_PROVOKING"
100,65.0999984741211,25.099998474121094,40.0,32.54999923706055,12.549999237060547,Banana -> Iodine,"GINGERITIS, JENNERISING, SNEAKY"
101,65.0999984741211,28.099998474121094,37.0,32.54999923706055,14.049999237060547,Flu-meds -> Banana,"BRIGHT_EYED, GINGERITIS, SEDATING"
102,97.29999542236328,45.29999542236328,52.0,32.43333180745443,15.099998474121094,Horse semen -> Mouthwash -> Addy,"ANTI_GRAVITY, BALDING, ELECTRIFYING, THOUGHT_PROVOKING"
103,97.29999542236328,51.29999542236328,46.0,32.43333180745443,17.099998474121094,Cuke -> Megabean -> Chili,"CYCLOPEAN, FOGGY, GLOWING, SPICY"
104,97.29999542236328,46.29999542236328,51.0,32.43333180745443,15.433331807454428,Megabean -> Iodine -> Motor oil,"ANTI_GRAVITY, GLOWING, JENNERISING, SLIPPERY"
105,97.29999542236328,46.29999542236328,51.0,32.43333180745443,15.433331807454428,Horse semen -> Mouthwash -> Iodine,"ANTI_GRAVITY, BALDING, JENNERISING, LONG_FACED"
106,97.29999542236328,49.29999542236328,48.0,32.43333180745443,16.433331807454426,Megabean -> Cuke -> Horse semen,"CYCLOPEAN, ENERGIZING, GLOWING, LONG_FACED"
107,96.5999984741211,42.599998474121094,54.0,32.199999491373696,14.199999491373697,Battery -> Megabean -> Horse semen,"BRIGHT_EYED, FOGGY, GLOWING, LONG_FACED"
108,96.5999984741211,45.599998474121094,51.0,32.199999491373696,15.199999491373697,Horse semen -> Mouthwash -> Battery,"ANTI_GRAVITY, BALDING, BRIGHT_EYED, LONG_FACED"
109,96.5999984741211,53.599998474121094,43.0,32.199999491373696,17.866666158040363,Mouthwash -> Cuke -> Megabean,"ANTI_GRAVITY, BALDING, CYCLOPEAN, FOGGY"
110,64.4000015258789,22.400001525878906,42.0,32.20000076293945,11.200000762939453,Megabean -> Gasoline,"FOGGY, GLOWING, TOXIC"
111,64.4000015258789,25.400001525878906,39.0,32.20000076293945,12.700000762939453,Mouthwash -> Gasoline,"ANTI_GRAVITY, BALDING, TOXIC"
112,64.4000015258789,26.400001525878906,38.0,32.20000076293945,13.200000762939453,Paracetamol -> Flu-meds,"SEDATING, SLIPPERY, SNEAKY"
113,64.4000015258789,24.400001525878906,40.0,32.20000076293945,12.200000762939453,Battery -> Banana,"BRIGHT_EYED, GINGERITIS, SNEAKY"
114,64.4000015258789,20.400001525878906,44.0,32.20000076293945,10.200000762939453,Battery -> Motor oil,"BRIGHT_EYED, CALMING, SLIPPERY"
115,64.4000015258789,23.400001525878906,41.0,32.20000076293945,11.700000762939453,Flu-meds -> Energy drink,"ATHLETIC, BRIGHT_EYED, MUNCHIES"
116,64.4000015258789,23.400001525878906,41.0,32.20000076293945,11.700000762939453,Cuke -> Horse semen,"CALMING, ENERGIZING, LONG_FACED"
117,64.4000015258789,24.400001525878906,40.0,32.20000076293945,12.200000762939453,Donut -> Megabean,"EXPLOSIVE, FOGGY, GLOWING"
118,95.9000015258789,48.900001525878906,47.0,31.96666717529297,16.3000005086263,Mouthwash -> Addy -> Viagra,"ANTI_GRAVITY, BALDING, THOUGHT_PROVOKING, TROPIC_THUNDER"
119,95.9000015258789,42.900001525878906,53.0,31.96666717529297,14.300000508626303,Megabean -> Horse semen -> Chili,"FOGGY, GLOWING, LONG_FACED, SPICY"
120,95.9000015258789,45.900001525878906,50.0,31.96666717529297,15.300000508626303,Horse semen -> Chili -> Mouthwash,"ANTI_GRAVITY, BALDING, LONG_FACED, SPICY"
121,95.9000015258789,39.900001525878906,56.0,31.96666717529297,13.300000508626303,Addy -> Horse semen -> Iodine,"BALDING, ELECTRIFYING, JENNERISING, LONG_FACED"
122,63.70000076293945,20.700000762939453,43.0,31.850000381469727,10.350000381469727,Motor oil -> Chili,"CALMING, SLIPPERY, SPICY"
123,63.70000076293945,19.700000762939453,44.0,31.850000381469727,9.850000381469727,Energy drink -> Battery,"ATHLETIC, BRIGHT_EYED, CALMING"
124,63.69999694824219,20.699996948242188,43.0,31.849998474121094,10.349998474121094,Megabean -> Motor oil,"GLOWING, SLIPPERY, TOXIC"
125,63.69999694824219,24.699996948242188,39.0,31.849998474121094,12.349998474121094,Chili -> Banana,"GINGERITIS, SNEAKY, SPICY"
126,95.20000457763672,49.20000457763672,46.0,31.73333485921224,16.400001525878906,Mouthwash -> Iodine -> Viagra,"ANTI_GRAVITY, BALDING, JENNERISING, TROPIC_THUNDER"
127,95.20000457763672,52.20000457763672,43.0,31.73333485921224,17.400001525878906,Megabean -> Cuke -> Viagra,"CYCLOPEAN, ENERGIZING, GLOWING, TROPIC_THUNDER"
128,95.20000457763672,45.20000457763672,50.0,31.73333485921224,15.066668192545572,Horse semen -> Mouthwash -> Megabean,"ANTI_GRAVITY, BALDING, FOGGY, LONG_FACED"
129,95.20000457763672,50.20000457763672,45.0,31.73333485921224,16.73333485921224,Energy drink -> Cuke -> Megabean,"ATHLETIC, CYCLOPEAN, FOGGY, GLOWING"
130,94.5,43.5,51.0,31.5,14.5,Iodine -> Horse semen -> Viagra,"BALDING, JENNERISING, LONG_FACED, TROPIC_THUNDER"
131,94.5,45.5,49.0,31.5,15.166666666666666,Battery -> Megabean -> Viagra,"BRIGHT_EYED, FOGGY, GLOWING, TROPIC_THUNDER"
132,94.5,48.5,46.0,31.5,16.166666666666668,Mouthwash -> Battery -> Viagra,"ANTI_GRAVITY, BALDING, BRIGHT_EYED, TROPIC_THUNDER"
133,94.5,43.5,51.0,31.5,14.5,Mouthwash -> Iodine -> Addy,"ANTI_GRAVITY, BALDING, JENNERISING, THOUGHT_PROVOKING"
134,94.5,45.5,49.0,31.5,15.166666666666666,Horse semen -> Mouthwash -> Motor oil,"ANTI_GRAVITY, BALDING, LONG_FACED, SLIPPERY"
135,94.5,51.5,43.0,31.5,17.166666666666668,Cuke -> Megabean -> Mouthwash,"BALDING, CYCLOPEAN, FOGGY, GLOWING"
136,63.0,25.0,38.0,31.5,12.5,Paracetamol -> Gasoline,"SLIPPERY, TOXIC, TROPIC_THUNDER"
137,63.0,23.0,40.0,31.5,11.5,Energy drink -> Viagra,"CALMING, SNEAKY, TROPIC_THUNDER"
138,63.0,17.0,46.0,31.5,8.5,Megabean -> Addy,"ENERGIZING, REFRESHING, THOUGHT_PROVOKING"
139,63.0,20.0,43.0,31.5,10.0,Energy drink -> Chili,"ATHLETIC, CALMING, SPICY"
140,93.80000305175781,45.80000305175781,48.0,31.26666768391927,15.266667683919271,Megabean -> Chili -> Viagra,"FOGGY, GLOWING, SPICY, TROPIC_THUNDER"
141,93.80000305175781,48.80000305175781,45.0,31.26666768391927,16.26666768391927,Chili -> Mouthwash -> Viagra,"ANTI_GRAVITY, BALDING, SPICY, TROPIC_THUNDER"
142,93.80000305175781,42.80000305175781,51.0,31.26666768391927,14.266667683919271,Mouthwash -> Battery -> Addy,"ANTI_GRAVITY, BALDING, BRIGHT_EYED, THOUGHT_PROVOKING"
143,93.80000305175781,41.80000305175781,52.0,31.26666768391927,13.933334350585938,Energy drink -> Megabean -> Horse semen,"ATHLETIC, FOGGY, GLOWING, LONG_FACED"
144,93.80000305175781,44.80000305175781,49.0,31.26666768391927,14.933334350585938,Horse semen -> Mouthwash -> Energy drink,"ANTI_GRAVITY, ATHLETIC, BALDING, LONG_FACED"
145,93.80000305175781,46.80000305175781,47.0,31.26666768391927,15.600001017252604,Megabean -> Cuke -> Iodine,"CYCLOPEAN, ENERGIZING, GLOWING, JENNERISING"
146,93.80000305175781,49.80000305175781,44.0,31.26666768391927,16.600001017252605,Mouthwash -> Paracetamol -> Megabean,"ANTI_GRAVITY, BALDING, FOGGY, GLOWING"
147,62.29999923706055,26.299999237060547,36.0,31.149999618530273,13.149999618530273,Cuke -> Viagra,"CALMING, ENERGIZING, TROPIC_THUNDER"
148,62.29999923706055,24.299999237060547,38.0,31.149999618530273,12.149999618530273,Motor oil -> Banana,"GINGERITIS, SLIPPERY, SNEAKY"
149,93.10000610351562,43.100006103515625,50.0,31.033335367838543,14.366668701171875,Horse semen -> Mouthwash -> Chili,"BALDING, LONG_FACED, SPICY, TROPIC_THUNDER"
150,93.10000610351562,48.100006103515625,45.0,31.033335367838543,16.033335367838543,Mouthwash -> Megabean -> Viagra,"ANTI_GRAVITY, BALDING, FOGGY, TROPIC_THUNDER"
151,93.10000610351562,43.100006103515625,50.0,31.033335367838543,14.366668701171875,Chili -> Mouthwash -> Addy,"ANTI_GRAVITY, BALDING, SPICY, THOUGHT_PROVOKING"
152,93.10000610351562,37.100006103515625,56.0,31.033335367838543,12.366668701171875,Iodine -> Horse semen -> Addy,"BALDING, ELECTRIFYING, JENNERISING, THOUGHT_PROVOKING"
153,93.10000610351562,49.100006103515625,44.0,31.033335367838543,16.366668701171875,Cuke -> Megabean -> Flu-meds,"CYCLOPEAN, FOGGY, GLOWING, SEDATING"
154,93.10000610351562,43.100006103515625,50.0,31.033335367838543,14.366668701171875,Megabean -> Mouthwash -> Horse semen,"BALDING, FOGGY, GLOWING, LONG_FACED"
155,93.10000610351562,43.100006103515625,50.0,31.033335367838543,14.366668701171875,Mouthwash -> Battery -> Iodine,"ANTI_GRAVITY, BALDING, BRIGHT_EYED, JENNERISING"
156,93.10000610351562,46.100006103515625,47.0,31.033335367838543,15.366668701171875,Battery -> Megabean -> Cuke,"BRIGHT_EYED, CYCLOPEAN, ENERGIZING, GLOWING"
157,92.4000015258789,48.400001525878906,44.0,30.8000005086263,16.133333841959637,Mouthwash -> Motor oil -> Viagra,"ANTI_GRAVITY, BALDING, SLIPPERY, TROPIC_THUNDER"
158,92.4000015258789,43.400001525878906,49.0,30.8000005086263,14.466667175292969,Chili -> Mouthwash -> Iodine,"ANTI_GRAVITY, BALDING, JENNERISING, SPICY"
159,61.599998474121094,20.599998474121094,41.0,30.799999237060547,10.299999237060547,Cuke -> Addy,"CALMING, ENERGIZING, THOUGHT_PROVOKING"
160,61.599998474121094,23.599998474121094,38.0,30.799999237060547,11.799999237060547,Energy drink -> Banana,"ATHLETIC, GINGERITIS, SNEAKY"
161,61.599998474121094,19.599998474121094,42.0,30.799999237060547,9.799999237060547,Energy drink -> Motor oil,"ATHLETIC, CALMING, SLIPPERY"
162,92.39999389648438,44.399993896484375,48.0,30.799997965494793,14.799997965494791,Horse semen -> Flu-meds -> Viagra,"BRIGHT_EYED, LONG_FACED, SEDATING, TROPIC_THUNDER"
163,92.39999389648438,43.399993896484375,49.0,30.799997965494793,14.466664632161459,Horse semen -> Paracetamol -> Chili,"BRIGHT_EYED, LONG_FACED, SLIPPERY, SPICY"
164,92.39999389648438,46.399993896484375,46.0,30.799997965494793,15.466664632161459,Megabean -> Cuke -> Chili,"CYCLOPEAN, ENERGIZING, GLOWING, SPICY"
165,92.39999389648438,37.399993896484375,55.0,30.799997965494793,12.466664632161459,Battery -> Iodine -> Horse semen,"BALDING, BRIGHT_EYED, JENNERISING, LONG_FACED"
166,91.70000457763672,42.70000457763672,49.0,30.566668192545574,14.23333485921224,Mouthwash -> Motor oil -> Addy,"ANTI_GRAVITY, BALDING, SLIPPERY, THOUGHT_PROVOKING"
167,91.70000457763672,42.70000457763672,49.0,30.566668192545574,14.23333485921224,Chili -> Mouthwash -> Battery,"ANTI_GRAVITY, BALDING, BRIGHT_EYED, SPICY"
168,91.70000457763672,48.70000457763672,43.0,30.566668192545574,16.23333485921224,Mouthwash -> Megabean -> Cuke,"ANTI_GRAVITY, BALDING, CYCLOPEAN, ENERGIZING"
169,91.69999694824219,40.69999694824219,51.0,30.566665649414062,13.566665649414062,Iodine -> Addy -> Viagra,"BALDING, JENNERISING, THOUGHT_PROVOKING, TROPIC_THUNDER"
170,91.69999694824219,42.69999694824219,49.0,30.566665649414062,14.233332316080729,Banana -> Horse semen -> Iodine,"JENNERISING, LONG_FACED, SNEAKY, THOUGHT_PROVOKING"
171,91.69999694824219,37.69999694824219,54.0,30.566665649414062,12.566665649414062,Iodine -> Horse semen -> Chili,"BALDING, JENNERISING, LONG_FACED, SPICY"
172,91.69999694824219,39.69999694824219,52.0,30.566665649414062,13.233332316080729,Battery -> Megabean -> Chili,"BRIGHT_EYED, FOGGY, GLOWING, SPICY"
173,91.69999694824219,40.69999694824219,51.0,30.566665649414062,13.566665649414062,Megabean -> Horse semen -> Flu-meds,"FOGGY, GLOWING, LONG_FACED, SEDATING"
174,91.69999694824219,43.69999694824219,48.0,30.566665649414062,14.566665649414062,Horse semen -> Mouthwash -> Flu-meds,"ANTI_GRAVITY, BALDING, LONG_FACED, SEDATING"
175,91.69999694824219,43.69999694824219,48.0,30.566665649414062,14.566665649414062,Cuke -> Addy -> Megabean,"CYCLOPEAN, ENERGIZING, FOGGY, GLOWING"
176,60.900001525878906,24.900001525878906,36.0,30.450000762939453,12.450000762939453,Banana -> Mouthwash,"BALDING, GINGERITIS, SNEAKY"
177,91.00000762939453,42.00000762939453,49.0,30.333335876464844,14.00000254313151,Mouthwash -> Battery -> Megabean,"ANTI_GRAVITY, BALDING, BRIGHT_EYED, FOGGY"
178,91.0,46.0,45.0,30.333333333333332,15.333333333333334,Megabean -> Mouthwash -> Viagra,"BALDING, FOGGY, GLOWING, TROPIC_THUNDER"
179,91.0,42.0,49.0,30.333333333333332,14.0,Mouthwash -> Energy drink -> Addy,"ANTI_GRAVITY, ATHLETIC, BALDING, THOUGHT_PROVOKING"
180,91.0,40.0,51.0,30.333333333333332,13.333333333333334,Paracetamol -> Addy -> Horse semen,"ELECTRIFYING, LONG_FACED, SLIPPERY, SNEAKY"
181,91.0,45.0,46.0,30.333333333333332,15.0,Horse semen -> Mouthwash -> Paracetamol,"ANTI_GRAVITY, BALDING, LONG_FACED, SNEAKY"
182,91.0,43.0,48.0,30.333333333333332,14.333333333333334,Mouthwash -> Iodine -> Motor oil,"ANTI_GRAVITY, BALDING, JENNERISING, SLIPPERY"
183,91.0,39.0,52.0,30.333333333333332,13.0,Flu-meds -> Iodine -> Horse semen,"BRIGHT_EYED, JENNERISING, LONG_FACED, SEDATING"
184,60.20000076293945,18.200000762939453,42.0,30.100000381469727,9.100000381469727,Donut -> Addy,"CALMING, EUPHORIC, THOUGHT_PROVOKING"
185,60.20000076293945,19.200000762939453,41.0,30.100000381469727,9.600000381469727,Donut -> Iodine,"BALDING, EXPLOSIVE, JENNERISING"
186,60.20000076293945,20.200000762939453,40.0,30.100000381469727,10.100000381469727,Battery -> Cuke,"BRIGHT_EYED, CALMING, ENERGIZING"
187,90.29999542236328,40.29999542236328,50.0,30.099998474121094,13.433331807454428,Mouthwash -> Addy -> Chili,"BALDING, SPICY, THOUGHT_PROVOKING, TROPIC_THUNDER"
188,90.29999542236328,46.29999542236328,44.0,30.099998474121094,15.433331807454428,Paracetamol -> Chili -> Viagra,"BRIGHT_EYED, SLIPPERY, SPICY, TROPIC_THUNDER"
189,90.29999542236328,38.29999542236328,52.0,30.099998474121094,12.76666514078776,Addy -> Horse semen -> Viagra,"CALMING, ELECTRIFYING, LONG_FACED, TROPIC_THUNDER"
190,90.29999542236328,40.29999542236328,50.0,30.099998474121094,13.433331807454428,Battery -> Iodine -> Viagra,"BALDING, BRIGHT_EYED, JENNERISING, TROPIC_THUNDER"
191,90.29999542236328,42.29999542236328,48.0,30.099998474121094,14.099998474121094,Chili -> Mouthwash -> Megabean,"ANTI_GRAVITY, BALDING, FOGGY, SPICY"
192,90.29999542236328,37.29999542236328,53.0,30.099998474121094,12.433331807454428,Iodine -> Horse semen -> Motor oil,"BALDING, JENNERISING, LONG_FACED, SLIPPERY"
193,90.29999542236328,42.29999542236328,48.0,30.099998474121094,14.099998474121094,Mouthwash -> Battery -> Motor oil,"ANTI_GRAVITY, BALDING, BRIGHT_EYED, SLIPPERY"
194,90.29999542236328,46.29999542236328,44.0,30.099998474121094,15.433331807454428,Cuke -> Flu-meds -> Megabean,"BRIGHT_EYED, CYCLOPEAN, FOGGY, SEDATING"
195,90.29999542236328,35.29999542236328,55.0,30.099998474121094,11.76666514078776,Addy -> Megabean -> Horse semen,"ENERGIZING, FOGGY, GLOWING, LONG_FACED"
196,90.29999542236328,45.29999542236328,45.0,30.099998474121094,15.099998474121094,Horse semen -> Mouthwash -> Cuke,"ANTI_GRAVITY, BALDING, ENERGIZING, LONG_FACED"
197,90.29999542236328,42.29999542236328,48.0,30.099998474121094,14.099998474121094,Mouthwash -> Energy drink -> Iodine,"ANTI_GRAVITY, ATHLETIC, BALDING, JENNERISING"
198,90.29999542236328,46.29999542236328,44.0,30.099998474121094,15.433331807454428,Gasoline -> Banana -> Megabean,"ANTI_GRAVITY, FOGGY, GINGERITIS, GLOWING"
199,90.29999542236328,45.29999542236328,45.0,30.099998474121094,15.099998474121094,Energy drink -> Megabean -> Cuke,"ATHLETIC, CYCLOPEAN, ENERGIZING, GLOWING"
200,119.70000457763672,62.70000457763672,57.0,29.92500114440918,15.67500114440918,Addy -> Horse semen -> Cuke -> Megabean,"CYCLOPEAN, ELECTRIFYING, FOGGY, GLOWING, LONG_FACED"
201,89.5999984741211,40.599998474121094,49.0,29.866666158040363,13.533332824707031,Mouthwash -> Iodine -> Chili,"BALDING, JENNERISING, SPICY, TROPIC_THUNDER"
202,89.5999984741211,43.599998474121094,46.0,29.866666158040363,14.533332824707031,Horse semen -> Paracetamol -> Viagra,"LONG_FACED, SLIPPERY, SNEAKY, TROPIC_THUNDER"
203,89.5999984741211,43.599998474121094,46.0,29.866666158040363,14.533332824707031,Megabean -> Flu-meds -> Viagra,"FOGGY, GLOWING, SEDATING, TROPIC_THUNDER"
204,89.5999984741211,46.599998474121094,43.0,29.866666158040363,15.533332824707031,Mouthwash -> Flu-meds -> Viagra,"ANTI_GRAVITY, BALDING, SEDATING, TROPIC_THUNDER"
205,89.5999984741211,40.599998474121094,49.0,29.866666158040363,13.533332824707031,Paracetamol -> Chili -> Addy,"BRIGHT_EYED, SLIPPERY, SPICY, THOUGHT_PROVOKING"
206,89.5999984741211,34.599998474121094,55.0,29.866666158040363,11.533332824707031,Battery -> Iodine -> Addy,"BALDING, BRIGHT_EYED, JENNERISING, THOUGHT_PROVOKING"
207,89.5999984741211,42.599998474121094,47.0,29.866666158040363,14.199999491373697,Chili -> Mouthwash -> Motor oil,"ANTI_GRAVITY, BALDING, SLIPPERY, SPICY"
208,89.5999984741211,38.599998474121094,51.0,29.866666158040363,12.866666158040365,Horse semen -> Flu-meds -> Chili,"BRIGHT_EYED, LONG_FACED, SEDATING, SPICY"
209,89.5999984741211,44.599998474121094,45.0,29.866666158040363,14.866666158040365,Megabean -> Motor oil -> Banana,"ANTI_GRAVITY, GINGERITIS, GLOWING, SLIPPERY"
210,89.5999984741211,36.599998474121094,53.0,29.866666158040363,12.199999491373697,Flu-meds -> Addy -> Horse semen,"BRIGHT_EYED, ELECTRIFYING, LONG_FACED, REFRESHING"
211,89.5999984741211,36.599998474121094,53.0,29.866666158040363,12.199999491373697,Energy drink -> Iodine -> Horse semen,"ATHLETIC, BALDING, JENNERISING, LONG_FACED"
212,89.5999984741211,34.599998474121094,55.0,29.866666158040363,11.533332824707031,Horse semen -> Addy -> Megabean,"ELECTRIFYING, ENERGIZING, FOGGY, GLOWING"
213,89.5999984741211,38.599998474121094,51.0,29.866666158040363,12.866666158040365,Energy drink -> Battery -> Megabean,"ATHLETIC, BRIGHT_EYED, FOGGY, GLOWING"
214,89.5999984741211,46.599998474121094,43.0,29.866666158040363,15.533332824707031,Megabean -> Cuke -> Mouthwash,"BALDING, CYCLOPEAN, ENERGIZING, GLOWING"
215,89.5999984741211,41.599998474121094,48.0,29.866666158040363,13.866666158040365,Mouthwash -> Energy drink -> Battery,"ANTI_GRAVITY, ATHLETIC, BALDING, BRIGHT_EYED"
216,59.5,20.5,39.0,29.75,10.25,Cuke -> Chili,"CALMING, ENERGIZING, SPICY"
217,59.5,22.5,37.0,29.75,11.25,Banana -> Flu-meds,"GINGERITIS, SEDATING, SNEAKY"
218,88.9000015258789,39.900001525878906,49.0,29.633333841959637,13.300000508626303,Mouthwash -> Battery -> Chili,"BALDING, BRIGHT_EYED, SPICY, TROPIC_THUNDER"
219,88.9000015258789,41.900001525878906,47.0,29.633333841959637,13.966667175292969,Energy drink -> Megabean -> Viagra,"FOGGY, GLOWING, SNEAKY, TROPIC_THUNDER"
220,88.9000015258789,44.900001525878906,44.0,29.633333841959637,14.966667175292969,Mouthwash -> Energy drink -> Viagra,"ANTI_GRAVITY, BALDING, SNEAKY, TROPIC_THUNDER"
221,88.9000015258789,48.900001525878906,40.0,29.633333841959637,16.3000005086263,Paracetamol -> Gasoline -> Banana,"ANTI_GRAVITY, GINGERITIS, SLIPPERY, TROPIC_THUNDER"
222,88.9000015258789,41.900001525878906,47.0,29.633333841959637,13.966667175292969,Flu-meds -> Iodine -> Viagra,"BRIGHT_EYED, JENNERISING, SEDATING, TROPIC_THUNDER"
223,88.9000015258789,34.900001525878906,54.0,29.633333841959637,11.633333841959635,Iodine -> Chili -> Addy,"BALDING, JENNERISING, SPICY, THOUGHT_PROVOKING"
224,88.9000015258789,42.900001525878906,46.0,29.633333841959637,14.300000508626303,Addy -> Donut -> Mouthwash,"ANTI_GRAVITY, BALDING, SEDATING, THOUGHT_PROVOKING"
225,88.9000015258789,35.900001525878906,53.0,29.633333841959637,11.966667175292969,Horse semen -> Flu-meds -> Addy,"BRIGHT_EYED, ELECTRIFYING, GINGERITIS, THOUGHT_PROVOKING"
226,88.9000015258789,40.900001525878906,48.0,29.633333841959637,13.633333841959635,Paracetamol -> Iodine -> Chili,"BRIGHT_EYED, JENNERISING, SLIPPERY, SPICY"
227,88.9000015258789,38.900001525878906,50.0,29.633333841959637,12.966667175292969,Energy drink -> Megabean -> Chili,"ATHLETIC, FOGGY, GLOWING, SPICY"
228,88.9000015258789,41.900001525878906,47.0,29.633333841959637,13.966667175292969,Energy drink -> Chili -> Mouthwash,"ANTI_GRAVITY, ATHLETIC, BALDING, SPICY"
229,88.9000015258789,37.900001525878906,51.0,29.633333841959637,12.633333841959635,Flu-meds -> Megabean -> Horse semen,"BRIGHT_EYED, FOGGY, LONG_FACED, SEDATING"
230,88.9000015258789,39.900001525878906,49.0,29.633333841959637,13.300000508626303,Megabean -> Mouthwash -> Battery,"BALDING, BRIGHT_EYED, FOGGY, GLOWING"
231,118.30000305175781,66.30000305175781,52.0,29.575000762939453,16.575000762939453,Cuke -> Megabean -> Horse semen -> Viagra,"CYCLOPEAN, FOGGY, GLOWING, LONG_FACED, TROPIC_THUNDER"
232,88.19999694824219,38.19999694824219,50.0,29.399998982747395,12.733332316080729,Donut -> Addy -> Battery,"BRIGHT_EYED, CALMING, THOUGHT_PROVOKING, ZOMBIFYING"
233,88.19999694824219,40.19999694824219,48.0,29.399998982747395,13.399998982747396,Iodine -> Motor oil -> Viagra,"BALDING, JENNERISING, SLIPPERY, TROPIC_THUNDER"
234,88.19999694824219,38.19999694824219,50.0,29.399998982747395,12.733332316080729,Addy -> Megabean -> Viagra,"ENERGIZING, FOGGY, GLOWING, TROPIC_THUNDER"
235,88.19999694824219,48.19999694824219,40.0,29.399998982747395,16.066665649414062,Mouthwash -> Cuke -> Viagra,"ANTI_GRAVITY, BALDING, ENERGIZING, TROPIC_THUNDER"
236,88.19999694824219,37.19999694824219,51.0,29.399998982747395,12.399998982747396,Horse semen -> Paracetamol -> Addy,"ELECTRIFYING, SLIPPERY, SNEAKY, THOUGHT_PROVOKING"
237,88.19999694824219,42.19999694824219,46.0,29.399998982747395,14.066665649414062,Mouthwash -> Paracetamol -> Addy,"ANTI_GRAVITY, BALDING, SNEAKY, THOUGHT_PROVOKING"
238,88.19999694824219,40.19999694824219,48.0,29.399998982747395,13.399998982747396,Megabean -> Mouthwash -> Chili,"BALDING, FOGGY, GLOWING, SPICY"
239,88.19999694824219,38.19999694824219,50.0,29.399998982747395,12.733332316080729,Paracetamol -> Iodine -> Horse semen,"JENNERISING, LONG_FACED, SLIPPERY, SNEAKY"
240,88.19999694824219,38.19999694824219,50.0,29.399998982747395,12.733332316080729,Energy drink -> Horse semen -> Flu-meds,"BRIGHT_EYED, LONG_FACED, SEDATING, SLIPPERY"
241,88.19999694824219,41.19999694824219,47.0,29.399998982747395,13.733332316080729,Mouthwash -> Iodine -> Flu-meds,"ANTI_GRAVITY, BALDING, JENNERISING, SEDATING"
242,88.19999694824219,44.19999694824219,44.0,29.399998982747395,14.733332316080729,Megabean -> Cuke -> Flu-meds,"CYCLOPEAN, ENERGIZING, GLOWING, SEDATING"
243,88.19999694824219,32.19999694824219,56.0,29.399998982747395,10.733332316080729,Battery -> Addy -> Horse semen,"BRIGHT_EYED, CALMING, ELECTRIFYING, LONG_FACED"
244,88.19999694824219,41.19999694824219,47.0,29.399998982747395,13.733332316080729,Mouthwash -> Energy drink -> Megabean,"ANTI_GRAVITY, ATHLETIC, BALDING, FOGGY"
245,116.89999389648438,63.899993896484375,53.0,29.224998474121094,15.974998474121094,Cuke -> Megabean -> Iodine -> Motor oil,"ANTI_GRAVITY, CYCLOPEAN, GLOWING, JENNERISING, SLIPPERY"
246,87.5,39.5,48.0,29.166666666666668,13.166666666666666,Flu-meds -> Addy -> Viagra,"BRIGHT_EYED, GINGERITIS, THOUGHT_PROVOKING, TROPIC_THUNDER"
247,87.5,35.5,52.0,29.166666666666668,11.833333333333334,Horse semen -> Addy -> Viagra,"CALMING, ELECTRIFYING, THOUGHT_PROVOKING, TROPIC_THUNDER"
248,87.5,41.5,46.0,29.166666666666668,13.833333333333334,Flu-meds -> Chili -> Viagra,"BRIGHT_EYED, SEDATING, SPICY, TROPIC_THUNDER"
249,87.5,39.5,48.0,29.166666666666668,13.166666666666666,Mouthwash -> Megabean -> Chili,"BALDING, FOGGY, SPICY, TROPIC_THUNDER"
250,87.5,44.5,43.0,29.166666666666668,14.833333333333334,Megabean -> Banana -> Viagra,"FOGGY, GINGERITIS, GLOWING, TROPIC_THUNDER"
251,87.5,47.5,40.0,29.166666666666668,15.833333333333334,Mouthwash -> Banana -> Viagra,"ANTI_GRAVITY, BALDING, GINGERITIS, TROPIC_THUNDER"
252,87.5,34.5,53.0,29.166666666666668,11.5,Iodine -> Motor oil -> Addy,"BALDING, JENNERISING, SLIPPERY, THOUGHT_PROVOKING"
253,87.5,42.5,45.0,29.166666666666668,14.166666666666666,Mouthwash -> Cuke -> Addy,"ANTI_GRAVITY, BALDING, ENERGIZING, THOUGHT_PROVOKING"
254,87.5,32.5,55.0,29.166666666666668,10.833333333333334,Addy -> Horse semen -> Chili,"CALMING, ELECTRIFYING, LONG_FACED, SPICY"
255,87.5,34.5,53.0,29.166666666666668,11.5,Battery -> Iodine -> Chili,"BALDING, BRIGHT_EYED, JENNERISING, SPICY"
256,87.5,37.5,50.0,29.166666666666668,12.5,Battery -> Horse semen -> Paracetamol,"BRIGHT_EYED, LONG_FACED, SLIPPERY, SNEAKY"
257,87.5,42.5,45.0,29.166666666666668,14.166666666666666,Mouthwash -> Iodine -> Paracetamol,"ANTI_GRAVITY, BALDING, JENNERISING, SNEAKY"
258,87.5,43.5,44.0,29.166666666666668,14.5,Flu-meds -> Energy drink -> Paracetamol,"ANTI_GRAVITY, ATHLETIC, BRIGHT_EYED, SNEAKY"
259,87.5,41.5,46.0,29.166666666666668,13.833333333333334,Mouthwash -> Energy drink -> Motor oil,"ANTI_GRAVITY, ATHLETIC, BALDING, SLIPPERY"
260,87.5,35.5,52.0,29.166666666666668,11.833333333333334,Iodine -> Horse semen -> Flu-meds,"BALDING, JENNERISING, LONG_FACED, SEDATING"
261,87.5,37.5,50.0,29.166666666666668,12.5,Battery -> Megabean -> Flu-meds,"BRIGHT_EYED, FOGGY, GLOWING, SEDATING"
262,87.5,40.5,47.0,29.166666666666668,13.5,Mouthwash -> Battery -> Flu-meds,"ANTI_GRAVITY, BALDING, BRIGHT_EYED, SEDATING"
263,87.5,39.5,48.0,29.166666666666668,13.166666666666666,Megabean -> Banana -> Horse semen,"FOGGY, GLOWING, LONG_FACED, REFRESHING"
264,58.10000228881836,13.10000228881836,45.0,29.05000114440918,6.55000114440918,Iodine -> Megabean,"BALDING, FOGGY, PARANOIA"
265,116.19999694824219,57.19999694824219,59.0,29.049999237060547,14.299999237060547,Addy -> Horse semen -> Megabean -> Viagra,"ELECTRIFYING, FOGGY, GLOWING, LONG_FACED, TROPIC_THUNDER"
266,116.19999694824219,60.19999694824219,56.0,29.049999237060547,15.049999237060547,Addy -> Horse semen -> Mouthwash -> Viagra,"ANTI_GRAVITY, BALDING, ELECTRIFYING, LONG_FACED, TROPIC_THUNDER"
267,116.19999694824219,60.19999694824219,56.0,29.049999237060547,15.049999237060547,Battery -> Cuke -> Megabean -> Horse semen,"BRIGHT_EYED, CYCLOPEAN, FOGGY, GLOWING, LONG_FACED"
268,58.099998474121094,18.099998474121094,40.0,29.049999237060547,9.049999237060547,Flu-meds -> Gasoline,"BRIGHT_EYED, SEDATING, TOXIC"
269,58.099998474121094,18.099998474121094,40.0,29.049999237060547,9.049999237060547,Viagra -> Energy drink,"ATHLETIC, CALMING, SNEAKY"
270,58.099998474121094,20.099998474121094,38.0,29.049999237060547,10.049999237060547,Donut -> Flu-meds,"BRIGHT_EYED, EXPLOSIVE, SEDATING"
271,86.80000305175781,40.80000305175781,46.0,28.933334350585938,13.600001017252604,Paracetamol -> Addy -> Viagra,"SLIPPERY, SNEAKY, THOUGHT_PROVOKING, TROPIC_THUNDER"
272,86.80000305175781,39.80000305175781,47.0,28.933334350585938,13.266667683919271,Mouthwash -> Motor oil -> Chili,"BALDING, SLIPPERY, SPICY, TROPIC_THUNDER"
273,86.80000305175781,40.80000305175781,46.0,28.933334350585938,13.600001017252604,Flu-meds -> Megabean -> Viagra,"BRIGHT_EYED, FOGGY, SEDATING, TROPIC_THUNDER"
274,86.80000305175781,35.80000305175781,51.0,28.933334350585938,11.933334350585938,Battery -> Horse semen -> Viagra,"BRIGHT_EYED, CALMING, LONG_FACED, TROPIC_THUNDER"
275,86.80000305175781,33.80000305175781,53.0,28.933334350585938,11.266667683919271,Energy drink -> Iodine -> Addy,"ATHLETIC, BALDING, JENNERISING, THOUGHT_PROVOKING"
276,86.80000305175781,38.80000305175781,48.0,28.933334350585938,12.933334350585938,Addy -> Megabean -> Banana,"FOGGY, GINGERITIS, GLOWING, THOUGHT_PROVOKING"
277,86.80000305175781,48.80000305175781,38.0,28.933334350585938,16.26666768391927,Mouthwash -> Cuke -> Banana,"ANTI_GRAVITY, BALDING, GINGERITIS, THOUGHT_PROVOKING"
278,86.80000305175781,37.80000305175781,49.0,28.933334350585938,12.600001017252604,Megabean -> Flu-meds -> Chili,"FOGGY, GLOWING, SEDATING, SPICY"
279,86.80000305175781,40.80000305175781,46.0,28.933334350585938,13.600001017252604,Chili -> Mouthwash -> Flu-meds,"ANTI_GRAVITY, BALDING, SEDATING, SPICY"
280,86.80000305175781,35.80000305175781,51.0,28.933334350585938,11.933334350585938,Megabean -> Motor oil -> Iodine,"GLOWING, JENNERISING, SLIPPERY, SNEAKY"
281,86.80000305175781,36.80000305175781,50.0,28.933334350585938,12.266667683919271,Iodine -> Horse semen -> Paracetamol,"BALDING, JENNERISING, LONG_FACED, SNEAKY"
282,86.80000305175781,41.80000305175781,45.0,28.933334350585938,13.933334350585938,Mouthwash -> Battery -> Paracetamol,"ANTI_GRAVITY, BALDING, BRIGHT_EYED, SNEAKY"
283,86.80000305175781,38.80000305175781,48.0,28.933334350585938,12.933334350585938,Mouthwash -> Horse semen -> Flu-meds,"BALDING, BRIGHT_EYED, LONG_FACED, SEDATING"
284,86.80000305175781,42.80000305175781,44.0,28.933334350585938,14.266667683919271,Mouthwash -> Cuke -> Iodine,"ANTI_GRAVITY, BALDING, ENERGIZING, JENNERISING"
285,115.5,64.5,51.0,28.875,16.125,Gasoline -> Cuke -> Megabean -> Chili,"CYCLOPEAN, FOGGY, GLOWING, LONG_FACED, SPICY"
286,115.5,55.5,60.0,28.875,13.875,Megabean -> Horse semen -> Iodine -> Motor oil,"ANTI_GRAVITY, GLOWING, JENNERISING, LONG_FACED, SLIPPERY"
287,114.79999542236328,53.79999542236328,61.0,28.69999885559082,13.44999885559082,Flu-meds -> Addy -> Horse semen -> Iodine,"BRIGHT_EYED, ELECTRIFYING, JENNERISING, LONG_FACED, THOUGHT_PROVOKING"
288,114.79999542236328,54.79999542236328,60.0,28.69999885559082,13.69999885559082,Addy -> Horse semen -> Mouthwash -> Iodine,"ANTI_GRAVITY, BALDING, ELECTRIFYING, JENNERISING, LONG_FACED"
289,114.79999542236328,57.79999542236328,57.0,28.69999885559082,14.44999885559082,Addy -> Horse semen -> Megabean -> Cuke,"CYCLOPEAN, ELECTRIFYING, ENERGIZING, GLOWING, LONG_FACED"
290,114.79999542236328,62.79999542236328,52.0,28.69999885559082,15.69999885559082,Horse semen -> Mouthwash -> Cuke -> Megabean,"ANTI_GRAVITY, BALDING, CYCLOPEAN, FOGGY, LONG_FACED"
291,86.0999984741211,36.099998474121094,50.0,28.6999994913737,12.033332824707031,Horse semen -> Chili -> Viagra,"CALMING, LONG_FACED, SPICY, TROPIC_THUNDER"
292,86.0999984741211,39.099998474121094,47.0,28.6999994913737,13.033332824707031,Mouthwash -> Energy drink -> Chili,"ATHLETIC, BALDING, SPICY, TROPIC_THUNDER"
293,86.0999984741211,41.099998474121094,45.0,28.6999994913737,13.699999491373697,Paracetamol -> Iodine -> Viagra,"JENNERISING, SLIPPERY, SNEAKY, TROPIC_THUNDER"
294,86.0999984741211,41.099998474121094,45.0,28.6999994913737,13.699999491373697,Energy drink -> Flu-meds -> Viagra,"BRIGHT_EYED, SEDATING, SLIPPERY, TROPIC_THUNDER"
295,86.0999984741211,34.099998474121094,52.0,28.6999994913737,11.366666158040365,Flu-meds -> Iodine -> Addy,"BRIGHT_EYED, GINGERITIS, JENNERISING, THOUGHT_PROVOKING"
296,86.0999984741211,40.099998474121094,46.0,28.6999994913737,13.366666158040365,Donut -> Addy -> Mouthwash,"ANTI_GRAVITY, BALDING, EUPHORIC, THOUGHT_PROVOKING"
297,86.0999984741211,36.099998474121094,50.0,28.6999994913737,12.033332824707031,Flu-meds -> Iodine -> Chili,"BRIGHT_EYED, JENNERISING, SEDATING, SPICY"
298,86.0999984741211,32.099998474121094,54.0,28.6999994913737,10.699999491373697,Addy -> Horse semen -> Motor oil,"CALMING, ELECTRIFYING, LONG_FACED, SLIPPERY"
299,86.0999984741211,34.099998474121094,52.0,28.6999994913737,11.366666158040365,Battery -> Iodine -> Motor oil,"BALDING, BRIGHT_EYED, JENNERISING, SLIPPERY"
300,86.0999984741211,40.099998474121094,46.0,28.6999994913737,13.366666158040365,Mouthwash -> Megabean -> Flu-meds,"ANTI_GRAVITY, BALDING, FOGGY, SEDATING"
301,86.0999984741211,39.099998474121094,47.0,28.6999994913737,13.033332824707031,Cuke -> Megabean -> Iodine,"CYCLOPEAN, GLOWING, JENNERISING, PARANOIA"
302,86.0999984741211,37.099998474121094,49.0,28.6999994913737,12.366666158040365,Cuke -> Iodine -> Horse semen,"BALDING, ENERGIZING, JENNERISING, LONG_FACED"
303,86.0999984741211,42.099998474121094,44.0,28.6999994913737,14.033332824707031,Mouthwash -> Banana -> Iodine,"ANTI_GRAVITY, BALDING, GINGERITIS, JENNERISING"
304,86.0999984741211,45.099998474121094,41.0,28.6999994913737,15.033332824707031,Megabean -> Banana -> Cuke,"CYCLOPEAN, ENERGIZING, GINGERITIS, GLOWING"
305,86.0999984741211,32.099998474121094,54.0,28.6999994913737,10.699999491373697,Addy -> Megabean -> Battery,"BRIGHT_EYED, ENERGIZING, FOGGY, GLOWING"
306,86.0999984741211,39.099998474121094,47.0,28.6999994913737,13.033332824707031,Energy drink -> Megabean -> Mouthwash,"ATHLETIC, BALDING, FOGGY, GLOWING"
307,86.0999984741211,42.099998474121094,44.0,28.6999994913737,14.033332824707031,Mouthwash -> Battery -> Cuke,"ANTI_GRAVITY, BALDING, BRIGHT_EYED, ENERGIZING"
308,57.39999771118164,19.39999771118164,38.0,28.69999885559082,9.69999885559082,Energy drink -> Cuke,"ATHLETIC, CALMING, ENERGIZING"
309,114.0999984741211,60.099998474121094,54.0,28.524999618530273,15.024999618530273,Donut -> Addy -> Mouthwash -> Battery,"ANTI_GRAVITY, BALDING, BRIGHT_EYED, THOUGHT_PROVOKING, ZOMBIFYING"
310,114.0999984741211,63.099998474121094,51.0,28.524999618530273,15.774999618530273,Battery -> Cuke -> Megabean -> Viagra,"BRIGHT_EYED, CYCLOPEAN, FOGGY, GLOWING, TROPIC_THUNDER"
311,114.0999984741211,51.099998474121094,63.0,28.524999618530273,12.774999618530273,Battery -> Addy -> Horse semen -> Megabean,"BRIGHT_EYED, ELECTRIFYING, FOGGY, GLOWING, LONG_FACED"
312,114.0999984741211,54.099998474121094,60.0,28.524999618530273,13.524999618530273,Battery -> Addy -> Horse semen -> Mouthwash,"ANTI_GRAVITY, BALDING, BRIGHT_EYED, ELECTRIFYING, LONG_FACED"
313,85.4000015258789,41.400001525878906,44.0,28.46666717529297,13.800000508626303,Gasoline -> Banana -> Chili,"BRIGHT_EYED, GINGERITIS, SPICY, TROPIC_THUNDER"
314,85.4000015258789,40.400001525878906,45.0,28.46666717529297,13.466667175292969,Battery -> Paracetamol -> Viagra,"BRIGHT_EYED, SLIPPERY, SNEAKY, TROPIC_THUNDER"
315,85.4000015258789,44.400001525878906,41.0,28.46666717529297,14.800000508626303,Gasoline -> Banana -> Viagra,"ANTI_GRAVITY, GINGERITIS, SNEAKY, TROPIC_THUNDER"
316,85.4000015258789,38.400001525878906,47.0,28.46666717529297,12.800000508626303,Iodine -> Flu-meds -> Viagra,"BALDING, JENNERISING, SEDATING, TROPIC_THUNDER"
317,85.4000015258789,35.400001525878906,50.0,28.46666717529297,11.800000508626303,Paracetamol -> Iodine -> Addy,"JENNERISING, SLIPPERY, SNEAKY, THOUGHT_PROVOKING"
318,85.4000015258789,29.400001525878906,56.0,28.46666717529297,9.800000508626303,Battery -> Horse semen -> Addy,"BRIGHT_EYED, CALMING, ELECTRIFYING, THOUGHT_PROVOKING"
319,85.4000015258789,34.400001525878906,51.0,28.46666717529297,11.466667175292969,Iodine -> Motor oil -> Chili,"BALDING, JENNERISING, SLIPPERY, SPICY"
320,85.4000015258789,39.400001525878906,46.0,28.46666717529297,13.133333841959635,Energy drink -> Paracetamol -> Chili,"ATHLETIC, BRIGHT_EYED, SLIPPERY, SPICY"
321,85.4000015258789,37.400001525878906,48.0,28.46666717529297,12.466667175292969,Banana -> Horse semen -> Chili,"BRIGHT_EYED, LONG_FACED, REFRESHING, SPICY"
322,85.4000015258789,32.400001525878906,53.0,28.46666717529297,10.800000508626303,Addy -> Megabean -> Chili,"ENERGIZING, FOGGY, GLOWING, SPICY"
323,85.4000015258789,42.400001525878906,43.0,28.46666717529297,14.133333841959635,Chili -> Mouthwash -> Cuke,"ANTI_GRAVITY, BALDING, ENERGIZING, SPICY"
324,85.4000015258789,37.400001525878906,48.0,28.46666717529297,12.466667175292969,Energy drink -> Megabean -> Flu-meds,"FOGGY, GLOWING, SEDATING, SLIPPERY"
325,85.4000015258789,40.400001525878906,45.0,28.46666717529297,13.466667175292969,Mouthwash -> Energy drink -> Flu-meds,"ANTI_GRAVITY, BALDING, SEDATING, SLIPPERY"
326,85.4000015258789,41.400001525878906,44.0,28.46666717529297,13.800000508626303,Flu-meds -> Megabean -> Cuke,"BRIGHT_EYED, CYCLOPEAN, ENERGIZING, SEDATING"
327,85.4000015258789,31.400001525878906,54.0,28.46666717529297,10.466667175292969,Addy -> Horse semen -> Energy drink,"ATHLETIC, CALMING, ELECTRIFYING, LONG_FACED"
328,85.4000015258789,33.400001525878906,52.0,28.46666717529297,11.133333841959635,Energy drink -> Battery -> Iodine,"ATHLETIC, BALDING, BRIGHT_EYED, JENNERISING"
329,85.4000015258789,38.400001525878906,47.0,28.46666717529297,12.800000508626303,Battery -> Megabean -> Banana,"BRIGHT_EYED, FOGGY, GINGERITIS, GLOWING"
330,85.4000015258789,41.400001525878906,44.0,28.46666717529297,13.800000508626303,Mouthwash -> Battery -> Banana,"ANTI_GRAVITY, BALDING, BRIGHT_EYED, GINGERITIS"
331,113.4000015258789,57.400001525878906,56.0,28.350000381469727,14.350000381469727,Horse semen -> Mouthwash -> Addy -> Viagra,"ANTI_GRAVITY, BALDING, ELECTRIFYING, THOUGHT_PROVOKING, TROPIC_THUNDER"
332,113.4000015258789,63.400001525878906,50.0,28.350000381469727,15.850000381469727,Cuke -> Megabean -> Chili -> Viagra,"CYCLOPEAN, FOGGY, GLOWING, SPICY, TROPIC_THUNDER"
333,113.4000015258789,58.400001525878906,55.0,28.350000381469727,14.600000381469727,Megabean -> Iodine -> Motor oil -> Viagra,"ANTI_GRAVITY, GLOWING, JENNERISING, SLIPPERY, TROPIC_THUNDER"
334,113.4000015258789,58.400001525878906,55.0,28.350000381469727,14.600000381469727,Horse semen -> Mouthwash -> Iodine -> Viagra,"ANTI_GRAVITY, BALDING, JENNERISING, LONG_FACED, TROPIC_THUNDER"
335,113.4000015258789,61.400001525878906,52.0,28.350000381469727,15.350000381469727,Megabean -> Cuke -> Horse semen -> Viagra,"CYCLOPEAN, ENERGIZING, GLOWING, LONG_FACED, TROPIC_THUNDER"
336,113.4000015258789,51.400001525878906,62.0,28.350000381469727,12.850000381469727,Addy -> Horse semen -> Megabean -> Chili,"ELECTRIFYING, FOGGY, GLOWING, LONG_FACED, SPICY"
337,113.4000015258789,54.400001525878906,59.0,28.350000381469727,13.600000381469727,Addy -> Horse semen -> Chili -> Mouthwash,"ANTI_GRAVITY, BALDING, ELECTRIFYING, LONG_FACED, SPICY"
338,113.4000015258789,59.400001525878906,54.0,28.350000381469727,14.850000381469727,Energy drink -> Cuke -> Megabean -> Horse semen,"ATHLETIC, CYCLOPEAN, FOGGY, GLOWING, LONG_FACED"
339,56.70000076293945,12.700000762939453,44.0,28.350000381469727,6.350000381469727,Horse semen -> Gasoline,"CALMING, LONG_FACED, TOXIC"
340,56.70000076293945,14.700000762939453,42.0,28.350000381469727,7.350000381469727,Donut -> Horse semen,"CALMING, EXPLOSIVE, LONG_FACED"
341,84.70000457763672,36.70000457763672,48.0,28.23333485921224,12.23333485921224,Energy drink -> Iodine -> Viagra,"BALDING, JENNERISING, SNEAKY, TROPIC_THUNDER"
342,84.70000457763672,35.70000457763672,49.0,28.23333485921224,11.900001525878906,Horse semen -> Motor oil -> Viagra,"CALMING, LONG_FACED, SLIPPERY, TROPIC_THUNDER"
343,84.70000457763672,41.70000457763672,43.0,28.23333485921224,13.900001525878906,Flu-meds -> Mouthwash -> Viagra,"BALDING, BRIGHT_EYED, SEDATING, TROPIC_THUNDER"
344,84.70000457763672,36.70000457763672,48.0,28.23333485921224,12.23333485921224,Banana -> Chili -> Addy,"BRIGHT_EYED, GINGERITIS, SPICY, THOUGHT_PROVOKING"
345,84.70000457763672,29.70000457763672,55.0,28.23333485921224,9.900001525878906,Horse semen -> Chili -> Addy,"CALMING, ELECTRIFYING, SPICY, THOUGHT_PROVOKING"
346,84.70000457763672,34.70000457763672,50.0,28.23333485921224,11.566668192545572,Battery -> Paracetamol -> Addy,"BRIGHT_EYED, SLIPPERY, SNEAKY, THOUGHT_PROVOKING"
347,84.70000457763672,38.70000457763672,46.0,28.23333485921224,12.900001525878906,Gasoline -> Banana -> Addy,"ANTI_GRAVITY, GINGERITIS, SNEAKY, THOUGHT_PROVOKING"
348,84.70000457763672,42.70000457763672,42.0,28.23333485921224,14.23333485921224,Cuke -> Paracetamol -> Chili,"BALDING, BRIGHT_EYED, SLIPPERY, SPICY"
349,84.70000457763672,33.70000457763672,51.0,28.23333485921224,11.23333485921224,Energy drink -> Iodine -> Chili,"ATHLETIC, BALDING, JENNERISING, SPICY"
350,84.70000457763672,38.70000457763672,46.0,28.23333485921224,12.900001525878906,Megabean -> Banana -> Chili,"FOGGY, GINGERITIS, GLOWING, SPICY"
351,84.70000457763672,41.70000457763672,43.0,28.23333485921224,13.900001525878906,Chili -> Mouthwash -> Banana,"ANTI_GRAVITY, BALDING, GINGERITIS, SPICY"
352,84.70000457763672,36.70000457763672,48.0,28.23333485921224,12.23333485921224,Energy drink -> Horse semen -> Paracetamol,"ATHLETIC, LONG_FACED, SLIPPERY, SNEAKY"
353,84.70000457763672,40.70000457763672,44.0,28.23333485921224,13.566668192545572,Mouthwash -> Megabean -> Paracetamol,"ANTI_GRAVITY, BALDING, SLIPPERY, SNEAKY"
354,84.70000457763672,37.70000457763672,47.0,28.23333485921224,12.566668192545572,Horse semen -> Flu-meds -> Paracetamol,"BRIGHT_EYED, LONG_FACED, SEDATING, SNEAKY"
355,84.70000457763672,35.70000457763672,49.0,28.23333485921224,11.900001525878906,Flu-meds -> Iodine -> Motor oil,"BRIGHT_EYED, JENNERISING, SEDATING, SLIPPERY"
356,84.70000457763672,41.70000457763672,43.0,28.23333485921224,13.900001525878906,Energy drink -> Donut -> Mouthwash,"ANTI_GRAVITY, ATHLETIC, BALDING, SEDATING"
357,84.70000457763672,30.70000457763672,54.0,28.23333485921224,10.23333485921224,Megabean -> Horse semen -> Iodine,"GLOWING, JENNERISING, LONG_FACED, PARANOIA"
358,84.70000457763672,32.70000457763672,52.0,28.23333485921224,10.900001525878906,Mouthwash -> Addy -> Horse semen,"BALDING, CALMING, ELECTRIFYING, LONG_FACED"
359,84.70000457763672,34.70000457763672,50.0,28.23333485921224,11.566668192545572,Mouthwash -> Addy -> Megabean,"ANTI_GRAVITY, BALDING, ENERGIZING, FOGGY"
360,112.70000457763672,54.70000457763672,58.0,28.17500114440918,13.67500114440918,Battery -> Megabean -> Horse semen -> Viagra,"BRIGHT_EYED, FOGGY, GLOWING, LONG_FACED, TROPIC_THUNDER"
361,112.70000457763672,57.70000457763672,55.0,28.17500114440918,14.42500114440918,Horse semen -> Mouthwash -> Battery -> Viagra,"ANTI_GRAVITY, BALDING, BRIGHT_EYED, LONG_FACED, TROPIC_THUNDER"
362,112.70000457763672,65.70000457763672,47.0,28.17500114440918,16.42500114440918,Mouthwash -> Cuke -> Megabean -> Viagra,"ANTI_GRAVITY, BALDING, CYCLOPEAN, FOGGY, TROPIC_THUNDER"
363,112.70000457763672,60.70000457763672,52.0,28.17500114440918,15.17500114440918,Cuke -> Megabean -> Mouthwash -> Horse semen,"BALDING, CYCLOPEAN, FOGGY, GLOWING, LONG_FACED"
364,112.70000457763672,53.70000457763672,59.0,28.17500114440918,13.42500114440918,Addy -> Horse semen -> Mouthwash -> Megabean,"ANTI_GRAVITY, BALDING, ELECTRIFYING, FOGGY, LONG_FACED"
365,112.0,55.0,57.0,28.0,13.75,Megabean -> Horse semen -> Chili -> Viagra,"FOGGY, GLOWING, LONG_FACED, SPICY, TROPIC_THUNDER"
366,112.0,58.0,54.0,28.0,14.5,Horse semen -> Chili -> Mouthwash -> Viagra,"ANTI_GRAVITY, BALDING, LONG_FACED, SPICY, TROPIC_THUNDER"
367,112.0,52.0,60.0,28.0,13.0,Addy -> Horse semen -> Iodine -> Viagra,"BALDING, ELECTRIFYING, JENNERISING, LONG_FACED, TROPIC_THUNDER"
368,112.0,52.0,60.0,28.0,13.0,Horse semen -> Mouthwash -> Iodine -> Addy,"ANTI_GRAVITY, BALDING, ELECTRIFYING, JENNERISING, THOUGHT_PROVOKING"
369,112.0,54.0,58.0,28.0,13.5,Addy -> Horse semen -> Mouthwash -> Motor oil,"ANTI_GRAVITY, BALDING, ELECTRIFYING, LONG_FACED, SLIPPERY"
370,112.0,56.0,56.0,28.0,14.0,Megabean -> Cuke -> Iodine -> Horse semen,"CYCLOPEAN, ENERGIZING, GLOWING, JENNERISING, LONG_FACED"
371,112.0,59.0,53.0,28.0,14.75,Horse semen -> Mouthwash -> Paracetamol -> Megabean,"ANTI_GRAVITY, BALDING, FOGGY, GLOWING, LONG_FACED"
372,84.0,33.0,51.0,28.0,11.0,Chili -> Energy drink -> Battery,"ATHLETIC, BRIGHT_EYED, CALMING, ZOMBIFYING"
373,84.0,33.0,51.0,28.0,11.0,Battery -> Addy -> Viagra,"BRIGHT_EYED, CALMING, THOUGHT_PROVOKING, TROPIC_THUNDER"
374,84.0,38.0,46.0,28.0,12.666666666666666,Mouthwash -> Flu-meds -> Chili,"BALDING, SEDATING, SPICY, TROPIC_THUNDER"
375,84.0,40.0,44.0,28.0,13.333333333333334,Mouthwash -> Chili -> Paracetamol,"BALDING, BRIGHT_EYED, SNEAKY, TROPIC_THUNDER"
376,84.0,40.0,44.0,28.0,13.333333333333334,Cuke -> Iodine -> Viagra,"BALDING, ENERGIZING, JENNERISING, TROPIC_THUNDER"
377,84.0,40.0,44.0,28.0,13.333333333333334,Cuke -> Megabean -> Gasoline,"CYCLOPEAN, FOGGY, GLOWING, TOXIC"
378,84.0,34.0,50.0,28.0,11.333333333333334,Iodine -> Paracetamol -> Addy,"BALDING, JENNERISING, SNEAKY, THOUGHT_PROVOKING"
379,84.0,35.0,49.0,28.0,11.666666666666666,Flu-meds -> Megabean -> Chili,"BRIGHT_EYED, FOGGY, SEDATING, SPICY"
380,84.0,30.0,54.0,28.0,10.0,Battery -> Horse semen -> Chili,"BRIGHT_EYED, CALMING, LONG_FACED, SPICY"
381,84.0,37.0,47.0,28.0,12.333333333333334,Banana -> Iodine -> Chili,"BRIGHT_EYED, GINGERITIS, JENNERISING, SPICY"
382,84.0,38.0,46.0,28.0,12.666666666666666,Mouthwash -> Horse semen -> Paracetamol,"BALDING, LONG_FACED, SLIPPERY, SNEAKY"
383,84.0,35.0,49.0,28.0,11.666666666666666,Battery -> Paracetamol -> Iodine,"BRIGHT_EYED, JENNERISING, SLIPPERY, SNEAKY"
384,84.0,41.0,43.0,28.0,13.666666666666666,Cuke -> Banana -> Horse semen,"ELECTRIFYING, LONG_FACED, REFRESHING, SNEAKY"
385,84.0,39.0,45.0,28.0,13.0,Gasoline -> Banana -> Iodine,"ANTI_GRAVITY, GINGERITIS, JENNERISING, SNEAKY"
386,84.0,41.0,43.0,28.0,13.666666666666666,Mouthwash -> Energy drink -> Paracetamol,"ANTI_GRAVITY, ATHLETIC, BALDING, SNEAKY"
387,84.0,38.0,46.0,28.0,12.666666666666666,Cuke -> Horse semen -> Flu-meds,"BRIGHT_EYED, ENERGIZING, LONG_FACED, SEDATING"
388,84.0,38.0,46.0,28.0,12.666666666666666,Megabean -> Mouthwash -> Flu-meds,"BALDING, FOGGY, GLOWING, SEDATING"
389,84.0,42.0,42.0,28.0,14.0,Flu-meds -> Gasoline -> Banana,"ANTI_GRAVITY, BRIGHT_EYED, GINGERITIS, SEDATING"
390,84.0,40.0,44.0,28.0,13.333333333333334,Gasoline -> Cuke -> Megabean,"CYCLOPEAN, FOGGY, GLOWING, LAXATIVE"
391,84.0,42.0,42.0,28.0,14.0,Cuke -> Donut -> Megabean,"CYCLOPEAN, EXPLOSIVE, FOGGY, GLOWING"
392,84.0,41.0,43.0,28.0,13.666666666666666,Mouthwash -> Megabean -> Banana,"ANTI_GRAVITY, BALDING, FOGGY, GINGERITIS"
393,56.0,13.0,43.0,28.0,6.5,Chili -> Energy drink,"ATHLETIC, CALMING, EUPHORIC"
394,111.30000305175781,57.30000305175781,54.0,27.825000762939453,14.325000762939453,Horse semen -> Mouthwash -> Megabean -> Viagra,"ANTI_GRAVITY, BALDING, FOGGY, LONG_FACED, TROPIC_THUNDER"
395,111.30000305175781,62.30000305175781,49.0,27.825000762939453,15.575000762939453,Motor oil -> Viagra -> Cuke -> Megabean,"ATHLETIC, CYCLOPEAN, FOGGY, GLOWING, TROPIC_THUNDER"
396,111.30000305175781,51.30000305175781,60.0,27.825000762939453,12.825000762939453,Horse semen -> Mouthwash -> Battery -> Addy,"ANTI_GRAVITY, BALDING, BRIGHT_EYED, ELECTRIFYING, THOUGHT_PROVOKING"
397,111.30000305175781,57.30000305175781,54.0,27.825000762939453,14.325000762939453,Battery -> Cuke -> Megabean -> Chili,"BRIGHT_EYED, CYCLOPEAN, FOGGY, GLOWING, SPICY"
398,111.30000305175781,52.30000305175781,59.0,27.825000762939453,13.075000762939453,Battery -> Megabean -> Iodine -> Motor oil,"ANTI_GRAVITY, BRIGHT_EYED, GLOWING, JENNERISING, SLIPPERY"
399,111.30000305175781,58.30000305175781,53.0,27.825000762939453,14.575000762939453,Cuke -> Megabean -> Horse semen -> Flu-meds,"CYCLOPEAN, FOGGY, GLOWING, LONG_FACED, SEDATING"
400,111.30000305175781,52.30000305175781,59.0,27.825000762939453,13.075000762939453,Horse semen -> Mouthwash -> Battery -> Iodine,"ANTI_GRAVITY, BALDING, BRIGHT_EYED, JENNERISING, LONG_FACED"
401,111.30000305175781,50.30000305175781,61.0,27.825000762939453,12.575000762939453,Addy -> Horse semen -> Energy drink -> Megabean,"ATHLETIC, ELECTRIFYING, FOGGY, GLOWING, LONG_FACED"
402,111.30000305175781,55.30000305175781,56.0,27.825000762939453,13.825000762939453,Battery -> Megabean -> Cuke -> Horse semen,"BRIGHT_EYED, CYCLOPEAN, ENERGIZING, GLOWING, LONG_FACED"
403,111.30000305175781,53.30000305175781,58.0,27.825000762939453,13.325000762939453,Addy -> Horse semen -> Mouthwash -> Energy drink,"ANTI_GRAVITY, ATHLETIC, BALDING, ELECTRIFYING, LONG_FACED"
404,83.30000305175781,33.30000305175781,50.0,27.76666768391927,11.100001017252604,Chili -> Addy -> Viagra,"CALMING, SPICY, THOUGHT_PROVOKING, TROPIC_THUNDER"
405,83.30000305175781,36.30000305175781,47.0,27.76666768391927,12.100001017252604,Mouthwash -> Horse semen -> Viagra,"BALDING, CALMING, LONG_FACED, TROPIC_THUNDER"
406,83.30000305175781,39.30000305175781,44.0,27.76666768391927,13.100001017252604,Iodine -> Banana -> Viagra,"BALDING, GINGERITIS, JENNERISING, TROPIC_THUNDER"
407,83.30000305175781,38.30000305175781,45.0,27.76666768391927,12.766667683919271,Cuke -> Megabean -> Motor oil,"CYCLOPEAN, GLOWING, SLIPPERY, TOXIC"
408,83.30000305175781,33.30000305175781,50.0,27.76666768391927,11.100001017252604,Horse semen -> Addy -> Banana,"ELECTRIFYING, GINGERITIS, SNEAKY, THOUGHT_PROVOKING"
409,83.30000305175781,33.30000305175781,50.0,27.76666768391927,11.100001017252604,Energy drink -> Flu-meds -> Addy,"BRIGHT_EYED, GINGERITIS, SLIPPERY, THOUGHT_PROVOKING"
410,83.30000305175781,29.300003051757812,54.0,27.76666768391927,9.766667683919271,Horse semen -> Motor oil -> Addy,"CALMING, ELECTRIFYING, SLIPPERY, THOUGHT_PROVOKING"
411,83.30000305175781,34.30000305175781,49.0,27.76666768391927,11.433334350585938,Cuke -> Iodine -> Addy,"BALDING, ENERGIZING, JENNERISING, THOUGHT_PROVOKING"
412,83.30000305175781,35.30000305175781,48.0,27.76666768391927,11.766667683919271,Energy drink -> Flu-meds -> Chili,"BRIGHT_EYED, SEDATING, SLIPPERY, SPICY"
413,83.30000305175781,38.30000305175781,45.0,27.76666768391927,12.766667683919271,Gasoline -> Banana -> Battery,"ANTI_GRAVITY, BRIGHT_EYED, GINGERITIS, SNEAKY"
414,83.30000305175781,38.30000305175781,45.0,27.76666768391927,12.766667683919271,Megabean -> Cuke -> Motor oil,"CYCLOPEAN, GLOWING, SCHIZOPHRENIC, SLIPPERY"
415,83.30000305175781,33.30000305175781,50.0,27.76666768391927,11.100001017252604,Energy drink -> Iodine -> Motor oil,"ATHLETIC, BALDING, JENNERISING, SLIPPERY"
416,83.30000305175781,41.30000305175781,42.0,27.76666768391927,13.766667683919271,Mouthwash -> Banana -> Motor oil,"ANTI_GRAVITY, BALDING, GINGERITIS, SLIPPERY"
417,83.30000305175781,32.30000305175781,51.0,27.76666768391927,10.766667683919271,Battery -> Iodine -> Flu-meds,"BALDING, BRIGHT_EYED, JENNERISING, SEDATING"
418,83.30000305175781,31.300003051757812,52.0,27.76666768391927,10.433334350585938,Energy drink -> Addy -> Megabean,"ATHLETIC, ENERGIZING, FOGGY, GLOWING"
419,83.30000305175781,41.30000305175781,42.0,27.76666768391927,13.766667683919271,Mouthwash -> Energy drink -> Cuke,"ANTI_GRAVITY, ATHLETIC, BALDING, ENERGIZING"
420,83.29999542236328,46.29999542236328,37.0,27.76666514078776,15.433331807454428,Paracetamol -> Cuke -> Banana,"ATHLETIC, GINGERITIS, JENNERISING, THOUGHT_PROVOKING"
421,83.29999542236328,34.29999542236328,49.0,27.76666514078776,11.433331807454428,Iodine -> Banana -> Horse semen,"BALDING, JENNERISING, LONG_FACED, REFRESHING"
422,83.29999542236328,28.29999542236328,55.0,27.76666514078776,9.433331807454428,Megabean -> Addy -> Horse semen,"ELECTRIFYING, ENERGIZING, LONG_FACED, REFRESHING"
423,110.60000610351562,55.600006103515625,55.0,27.650001525878906,13.900001525878906,Mouthwash -> Iodine -> Addy -> Viagra,"ANTI_GRAVITY, BALDING, JENNERISING, THOUGHT_PROVOKING, TROPIC_THUNDER"
424,110.60000610351562,51.600006103515625,59.0,27.650001525878906,12.900001525878906,Addy -> Horse semen -> Mouthwash -> Chili,"BALDING, ELECTRIFYING, LONG_FACED, SPICY, TROPIC_THUNDER"
425,110.60000610351562,57.600006103515625,53.0,27.650001525878906,14.400001525878906,Horse semen -> Mouthwash -> Motor oil -> Viagra,"ANTI_GRAVITY, BALDING, LONG_FACED, SLIPPERY, TROPIC_THUNDER"
426,110.60000610351562,63.600006103515625,47.0,27.650001525878906,15.900001525878906,Cuke -> Megabean -> Mouthwash -> Viagra,"BALDING, CYCLOPEAN, FOGGY, GLOWING, TROPIC_THUNDER"
427,110.60000610351562,51.600006103515625,59.0,27.650001525878906,12.900001525878906,Horse semen -> Chili -> Mouthwash -> Addy,"ANTI_GRAVITY, BALDING, ELECTRIFYING, SPICY, THOUGHT_PROVOKING"
428,110.60000610351562,52.600006103515625,58.0,27.650001525878906,13.150001525878906,Megabean -> Iodine -> Chili -> Motor oil,"ANTI_GRAVITY, GLOWING, JENNERISING, SLIPPERY, SPICY"
429,110.60000610351562,52.600006103515625,58.0,27.650001525878906,13.150001525878906,Horse semen -> Chili -> Mouthwash -> Iodine,"ANTI_GRAVITY, BALDING, JENNERISING, LONG_FACED, SPICY"
430,110.60000610351562,51.600006103515625,59.0,27.650001525878906,12.900001525878906,Mouthwash -> Addy -> Horse semen -> Megabean,"BALDING, ELECTRIFYING, FOGGY, GLOWING, LONG_FACED"
431,110.60000610351562,59.600006103515625,51.0,27.650001525878906,14.900001525878906,Mouthwash -> Battery -> Cuke -> Megabean,"ANTI_GRAVITY, BALDING, BRIGHT_EYED, CYCLOPEAN, FOGGY"
432,55.30000305175781,15.300003051757812,40.0,27.650001525878906,7.650001525878906,Megabean -> Paracetamol,"SLIPPERY, SNEAKY, TOXIC"
433,55.30000305175781,18.300003051757812,37.0,27.650001525878906,9.150001525878906,Mouthwash -> Donut,"EXPLOSIVE, SLIPPERY, SNEAKY"
434,55.30000305175781,14.300003051757812,41.0,27.650001525878906,7.150001525878906,Horse semen -> Banana,"GINGERITIS, REFRESHING, SNEAKY"
435,110.59999084472656,54.59999084472656,56.0,27.64999771118164,13.64999771118164,Banana -> Horse semen -> Chili -> Iodine,"BRIGHT_EYED, JENNERISING, LONG_FACED, SPICY, THOUGHT_PROVOKING"
436,110.59999084472656,59.59999084472656,51.0,27.64999771118164,14.89999771118164,Megabean -> Gasoline -> Cuke -> Chili,"CYCLOPEAN, ENERGIZING, GLOWING, LONG_FACED, SPICY"
437,82.60000610351562,39.600006103515625,43.0,27.533335367838543,13.200002034505209,Mouthwash -> Cuke -> Chili,"BALDING, ENERGIZING, SPICY, TROPIC_THUNDER"
438,82.60000610351562,34.600006103515625,48.0,27.533335367838543,11.533335367838541,Horse semen -> Mouthwash -> Gasoline,"ANTI_GRAVITY, BALDING, LONG_FACED, TOXIC"
439,82.60000610351562,38.600006103515625,44.0,27.533335367838543,12.866668701171875,Chili -> Gasoline -> Banana,"ANTI_GRAVITY, GINGERITIS, SNEAKY, SPICY"
440,82.60000610351562,32.600006103515625,50.0,27.533335367838543,10.866668701171875,Addy -> Megabean -> Mouthwash,"BALDING, ENERGIZING, FOGGY, GLOWING"
441,82.60000610351562,40.600006103515625,42.0,27.533335367838543,13.533335367838541,Mouthwash -> Energy drink -> Banana,"ANTI_GRAVITY, ATHLETIC, BALDING, GINGERITIS"
442,82.5999984741211,38.599998474121094,44.0,27.53333282470703,12.866666158040365,Energy drink -> Gasoline -> Paracetamol,"ATHLETIC, SLIPPERY, SNEAKY, TROPIC_THUNDER"
443,82.5999984741211,40.599998474121094,42.0,27.53333282470703,13.533332824707031,Flu-meds -> Paracetamol -> Viagra,"BRIGHT_EYED, SEDATING, SNEAKY, TROPIC_THUNDER"
444,82.5999984741211,37.599998474121094,45.0,27.53333282470703,12.533332824707031,Banana -> Horse semen -> Viagra,"LONG_FACED, REFRESHING, SNEAKY, TROPIC_THUNDER"
445,82.5999984741211,33.599998474121094,49.0,27.53333282470703,11.199999491373697,Megabean -> Iodine -> Viagra,"GLOWING, JENNERISING, PARANOIA, TROPIC_THUNDER"
446,82.5999984741211,31.599998474121094,51.0,27.53333282470703,10.533332824707031,Megabean -> Horse semen -> Gasoline,"FOGGY, GLOWING, LONG_FACED, TOXIC"
447,82.5999984741211,34.599998474121094,48.0,27.53333282470703,11.533332824707031,Megabean -> Cuke -> Addy,"CYCLOPEAN, ENERGIZING, REFRESHING, THOUGHT_PROVOKING"
448,82.5999984741211,40.599998474121094,42.0,27.53333282470703,13.533332824707031,Cuke -> Iodine -> Banana,"BALDING, GINGERITIS, JENNERISING, THOUGHT_PROVOKING"
449,82.5999984741211,32.599998474121094,50.0,27.53333282470703,10.866666158040365,Flu-meds -> Addy -> Energy drink,"ATHLETIC, BRIGHT_EYED, GINGERITIS, THOUGHT_PROVOKING"
450,82.5999984741211,28.599998474121094,54.0,27.53333282470703,9.533332824707031,Energy drink -> Horse semen -> Addy,"ATHLETIC, CALMING, ELECTRIFYING, THOUGHT_PROVOKING"
451,82.5999984741211,32.599998474121094,50.0,27.53333282470703,10.866666158040365,Iodine -> Flu-meds -> Chili,"BALDING, JENNERISING, SEDATING, SPICY"
452,82.5999984741211,35.599998474121094,47.0,27.53333282470703,11.866666158040365,Horse semen -> Paracetamol -> Flu-meds,"LONG_FACED, SEDATING, SLIPPERY, SNEAKY"
453,82.5999984741211,33.599998474121094,49.0,27.53333282470703,11.199999491373697,Battery -> Iodine -> Paracetamol,"BALDING, BRIGHT_EYED, JENNERISING, SNEAKY"
454,82.5999984741211,29.599998474121094,53.0,27.53333282470703,9.866666158040365,Battery -> Horse semen -> Motor oil,"BRIGHT_EYED, CALMING, LONG_FACED, SLIPPERY"
455,82.5999984741211,32.599998474121094,50.0,27.53333282470703,10.866666158040365,Flu-meds -> Energy drink -> Horse semen,"ATHLETIC, BRIGHT_EYED, LONG_FACED, MUNCHIES"
456,82.5999984741211,33.599998474121094,49.0,27.53333282470703,11.199999491373697,Donut -> Megabean -> Horse semen,"EXPLOSIVE, FOGGY, GLOWING, LONG_FACED"
457,82.5999984741211,37.599998474121094,45.0,27.53333282470703,12.533332824707031,Energy drink -> Megabean -> Banana,"ATHLETIC, FOGGY, GINGERITIS, GLOWING"
458,109.9000015258789,54.900001525878906,55.0,27.475000381469727,13.725000381469727,Chili -> Energy drink -> Mouthwash -> Battery,"ANTI_GRAVITY, ATHLETIC, BALDING, BRIGHT_EYED, ZOMBIFYING"
459,109.9000015258789,54.900001525878906,55.0,27.475000381469727,13.725000381469727,Mouthwash -> Battery -> Addy -> Viagra,"ANTI_GRAVITY, BALDING, BRIGHT_EYED, THOUGHT_PROVOKING, TROPIC_THUNDER"
460,109.9000015258789,61.900001525878906,48.0,27.475000381469727,15.475000381469727,Mouthwash -> Paracetamol -> Megabean -> Viagra,"ANTI_GRAVITY, BALDING, FOGGY, GLOWING, TROPIC_THUNDER"
461,109.9000015258789,51.900001525878906,58.0,27.475000381469727,12.975000381469727,Horse semen -> Chili -> Mouthwash -> Battery,"ANTI_GRAVITY, BALDING, BRIGHT_EYED, LONG_FACED, SPICY"
462,109.9000015258789,59.900001525878906,50.0,27.475000381469727,14.975000381469727,Chili -> Mouthwash -> Cuke -> Megabean,"ANTI_GRAVITY, BALDING, CYCLOPEAN, FOGGY, SPICY"
463,109.9000015258789,57.900001525878906,52.0,27.475000381469727,14.475000381469727,Horse semen -> Mouthwash -> Megabean -> Cuke,"ANTI_GRAVITY, BALDING, CYCLOPEAN, ENERGIZING, LONG_FACED"
464,109.89999389648438,51.899993896484375,58.0,27.474998474121094,12.974998474121094,Donut -> Iodine -> Addy -> Battery,"BALDING, BRIGHT_EYED, JENNERISING, THOUGHT_PROVOKING, ZOMBIFYING"
465,109.89999389648438,51.899993896484375,58.0,27.474998474121094,12.974998474121094,Chili -> Energy drink -> Megabean -> Battery,"ATHLETIC, BRIGHT_EYED, FOGGY, GLOWING, ZOMBIFYING"
466,109.89999389648438,58.899993896484375,51.0,27.474998474121094,14.724998474121094,Megabean -> Cuke -> Iodine -> Viagra,"CYCLOPEAN, ENERGIZING, GLOWING, JENNERISING, TROPIC_THUNDER"
467,109.89999389648438,51.899993896484375,58.0,27.474998474121094,12.974998474121094,Paracetamol -> Addy -> Horse semen -> Chili,"BRIGHT_EYED, ELECTRIFYING, LONG_FACED, SLIPPERY, SPICY"
468,109.89999389648438,48.899993896484375,61.0,27.474998474121094,12.224998474121094,Battery -> Megabean -> Horse semen -> Chili,"BRIGHT_EYED, FOGGY, GLOWING, LONG_FACED, SPICY"
469,109.89999389648438,45.899993896484375,64.0,27.474998474121094,11.474998474121094,Battery -> Addy -> Horse semen -> Iodine,"BALDING, BRIGHT_EYED, ELECTRIFYING, JENNERISING, LONG_FACED"
470,109.89999389648438,52.899993896484375,57.0,27.474998474121094,13.224998474121094,Cuke -> Addy -> Megabean -> Horse semen,"CYCLOPEAN, ENERGIZING, FOGGY, GLOWING, LONG_FACED"
471,81.90000915527344,34.90000915527344,47.0,27.300003051757812,11.633336385091146,Chili -> Energy drink -> Mouthwash,"ANTI_GRAVITY, ATHLETIC, BALDING, EUPHORIC"
472,109.20000457763672,55.20000457763672,54.0,27.30000114440918,13.80000114440918,Chili -> Mouthwash -> Addy -> Viagra,"ANTI_GRAVITY, BALDING, SPICY, THOUGHT_PROVOKING, TROPIC_THUNDER"
473,109.20000457763672,55.20000457763672,54.0,27.30000114440918,13.80000114440918,Mouthwash -> Battery -> Iodine -> Viagra,"ANTI_GRAVITY, BALDING, BRIGHT_EYED, JENNERISING, TROPIC_THUNDER"
474,109.20000457763672,51.20000457763672,58.0,27.30000114440918,12.80000114440918,Horse semen -> Mouthwash -> Motor oil -> Addy,"ANTI_GRAVITY, BALDING, ELECTRIFYING, SLIPPERY, THOUGHT_PROVOKING"
475,109.20000457763672,51.20000457763672,58.0,27.30000114440918,12.80000114440918,Horse semen -> Mouthwash -> Battery -> Megabean,"ANTI_GRAVITY, BALDING, BRIGHT_EYED, FOGGY, LONG_FACED"
476,54.60000228881836,15.60000228881836,39.0,27.30000114440918,7.80000114440918,Gasoline -> Viagra,"CALMING, TOXIC, TROPIC_THUNDER"
477,54.60000228881836,17.60000228881836,37.0,27.30000114440918,8.80000114440918,Donut -> Viagra,"CALMING, EXPLOSIVE, TROPIC_THUNDER"
478,109.19999694824219,49.19999694824219,60.0,27.299999237060547,12.299999237060547,Iodine -> Horse semen -> Addy -> Viagra,"BALDING, ELECTRIFYING, JENNERISING, THOUGHT_PROVOKING, TROPIC_THUNDER"
479,109.19999694824219,61.19999694824219,48.0,27.299999237060547,15.299999237060547,Cuke -> Megabean -> Flu-meds -> Viagra,"CYCLOPEAN, FOGGY, GLOWING, SEDATING, TROPIC_THUNDER"
480,109.19999694824219,55.19999694824219,54.0,27.299999237060547,13.799999237060547,Megabean -> Mouthwash -> Horse semen -> Viagra,"BALDING, FOGGY, GLOWING, LONG_FACED, TROPIC_THUNDER"
481,109.19999694824219,58.19999694824219,51.0,27.299999237060547,14.549999237060547,Battery -> Megabean -> Cuke -> Viagra,"BRIGHT_EYED, CYCLOPEAN, ENERGIZING, GLOWING, TROPIC_THUNDER"
482,109.19999694824219,58.19999694824219,51.0,27.299999237060547,14.549999237060547,Cuke -> Banana -> Horse semen -> Iodine,"ELECTRIFYING, JENNERISING, LONG_FACED, SNEAKY, THOUGHT_PROVOKING"
483,109.19999694824219,46.19999694824219,63.0,27.299999237060547,11.549999237060547,Addy -> Horse semen -> Iodine -> Chili,"BALDING, ELECTRIFYING, JENNERISING, LONG_FACED, SPICY"
484,109.19999694824219,52.19999694824219,57.0,27.299999237060547,13.049999237060547,Horse semen -> Mouthwash -> Iodine -> Motor oil,"ANTI_GRAVITY, BALDING, JENNERISING, LONG_FACED, SLIPPERY"
485,109.19999694824219,54.19999694824219,55.0,27.299999237060547,13.549999237060547,Addy -> Horse semen -> Donut -> Mouthwash,"ANTI_GRAVITY, BALDING, ELECTRIFYING, LONG_FACED, SEDATING"
486,109.19999694824219,52.19999694824219,57.0,27.299999237060547,13.049999237060547,Cuke -> Horse semen -> Addy -> Megabean,"CYCLOPEAN, ELECTRIFYING, ENERGIZING, FOGGY, GLOWING"
487,109.19999694824219,56.19999694824219,53.0,27.299999237060547,14.049999237060547,Energy drink -> Battery -> Cuke -> Megabean,"ATHLETIC, BRIGHT_EYED, CYCLOPEAN, FOGGY, GLOWING"
488,81.89999389648438,43.899993896484375,38.0,27.299997965494793,14.633331298828125,Cuke -> Banana -> Viagra,"GINGERITIS, SNEAKY, THOUGHT_PROVOKING, TROPIC_THUNDER"
489,81.89999389648438,32.899993896484375,49.0,27.299997965494793,10.966664632161459,Motor oil -> Addy -> Viagra,"CALMING, SLIPPERY, THOUGHT_PROVOKING, TROPIC_THUNDER"
490,81.89999389648438,38.899993896484375,43.0,27.299997965494793,12.966664632161459,Mouthwash -> Banana -> Chili,"BALDING, GINGERITIS, SPICY, TROPIC_THUNDER"
491,81.89999389648438,32.899993896484375,49.0,27.299997965494793,10.966664632161459,Battery -> Chili -> Viagra,"BRIGHT_EYED, CALMING, SPICY, TROPIC_THUNDER"
492,81.89999389648438,42.899993896484375,39.0,27.299997965494793,14.299997965494791,Cuke -> Paracetamol -> Viagra,"BALDING, SLIPPERY, SNEAKY, TROPIC_THUNDER"
493,81.89999389648438,40.899993896484375,41.0,27.299997965494793,13.633331298828125,Cuke -> Flu-meds -> Viagra,"BRIGHT_EYED, ENERGIZING, SEDATING, TROPIC_THUNDER"
494,81.89999389648438,29.899993896484375,52.0,27.299997965494793,9.966664632161459,Megabean -> Horse semen -> Motor oil,"GLOWING, LONG_FACED, SLIPPERY, TOXIC"
495,81.89999389648438,33.899993896484375,48.0,27.299997965494793,11.299997965494791,Energy drink -> Paracetamol -> Addy,"ATHLETIC, SLIPPERY, SNEAKY, THOUGHT_PROVOKING"
496,81.89999389648438,31.899993896484375,50.0,27.299997965494793,10.633331298828125,Donut -> Iodine -> Addy,"BALDING, EUPHORIC, JENNERISING, THOUGHT_PROVOKING"
497,81.89999389648438,40.899993896484375,41.0,27.299997965494793,13.633331298828125,Megabean -> Cuke -> Banana,"ENERGIZING, GINGERITIS, GLOWING, THOUGHT_PROVOKING"
498,81.89999389648438,33.899993896484375,48.0,27.299997965494793,11.299997965494791,Flu-meds -> Mouthwash -> Addy,"BALDING, BRIGHT_EYED, GINGERITIS, THOUGHT_PROVOKING"
499,81.89999389648438,29.899993896484375,52.0,27.299997965494793,9.966664632161459,Mouthwash -> Horse semen -> Addy,"BALDING, CALMING, ELECTRIFYING, THOUGHT_PROVOKING"
